title_id,movie,drama,animation,2nd,num_extended,novel_original,extended,title,complete,author,author_works,genre,rating,episode,view,comment,hashtags,age rating,story_cleaned
62477346,0,0,0,0,0,1,0,태양의 주인 [19세 완전판],1,"둥그라미,KONN,송이,솔땀",6,로맨스,9.9,150,1,3,동양풍 가상시대물 운명 왕족 귀족 오만남 능글남 외유내강 엉뚱발랄녀 능력녀 달달물 신분차이 복수물 소유욕 독점욕 털털녀,18,폐하 그대로 치유 마 천대 신의 형벌 갈증 운명 사랑
65332544,0,0,0,0,0,0,0,대리 신부 [19세 완전판],1,"서리,오트밀홍삼",1,로판,9.9,49,1436000,530,상처남 다정남 순정녀 능력녀 계약관계,18,그대 대리 신부 역할 수행 이복 동생 신랑 공작 전국 적장 전쟁 동침 약점 첫날 정체 죽음 찰나 한마디 침대 살기 잠자리 목숨 쾌락
64867816,0,0,0,0,0,0,0,XX아카이브 [19세 완전판],1,"분기탱천,쭈쭈",1,로맨스,9.8,65,1416000,330,현대로맨스 캠퍼스물 역하렘 순정남 능글남 유혹남 직진녀 사이다녀 달달물 로맨틱코미디,18,대학교 핫걸 나리 클럽 학교 과제 남자 몸매 매너 외모 마음껏 의도 접근 마음 눈치 유혹 누가 흑막
66119536,0,0,0,0,0,0,0,피치 소르베 [19세 완전판],1,장구,1,로맨스,10,78,184000,44,현대로맨스 캠퍼스물 오해물 원나잇 우연한만남 능글남 운동선수 대형견남 직진남 짝사랑녀 순진녀 엉뚱발랄녀 삼각관계 달달물 로맨틱코미디,18,남녀 좌충우돌 섹시 코믹 동거 라이프 모태솔로 경험 콤플렉스 성인 자연 친구 섹스 사실 동아리 부원 진실게임 가상 인물 거짓말 모면 마음
66110723,0,0,0,0,0,0,0,여왕의 하렘 [19세 완전판],1,"328,메타툰,서머,싯구와써용",7,로판,9.6,34,225000,87,로맨스판타지 역하렘 능글남 다정남 유혹남 절륜남 대형견남 순진남 직진남 자상녀 능력녀 절륜녀 유혹녀 갑을관계 달달물,18,폐하 회임 전쟁 전국 계승 대관식 선언 왕국 평화 마지막 결혼 맹세 다만 하렘 후궁 왕가 적통 후계 계획 선별 남자 귀족 가문 출신 여왕 친분 전장 보좌 기사 표시 왕실 어스 이해 씨앗 재상 자도 주인 머리카락 작위 미래 보장 영웅 포로 왜인
65907692,0,0,0,0,0,0,0,합법 스캔들 [19세 완전판],1,"마루 더 레드,천의얼",1,로판,9.9,25,433000,106,로맨스판타지 궁정로맨스 짝사랑 첫사랑 다정남 왕족 귀족 연하남 대형견남 직진남 능력녀 평범녀 상처녀 순진녀 나이차커플 몸정맘정,18,미모 몸매 왕국 사랑 왕자 스캔들 열애설 기사 여자 비서 은밀 제안 남동생 계기 성적 가짜
64674813,0,0,0,0,0,0,0,톡투미 [19세 완전판],1,은별,1,로맨스,9.9,168,1445000,359,현대로맨스 캠퍼스물,18,수녀 타이틀 잠자리 매너 남자친구 사랑 연애 한가지 불만 욕구불만 라면
64082520,0,0,0,0,0,0,0,공과 사를 구분하자 [19세 완전판],1,"너굴,희녕",1,로맨스,9.9,76,5807000,1,현대로맨스 사내연애 오피스물 순정남 까칠남 존댓말남 사이다녀 로맨틱코미디,18,관계 회사 연구원 질색 사사건건 융통성 제로 성격 대학생 최악 소개팅 악연 출장 딜도 일로 다비 조건 번의 데이트 연습 남자 정반대 취향 입맛 로맨스
60343223,0,0,0,0,0,1,0,결혼 장사[19세 완전판],1,"한흔,앤트스튜디오,KEN",10,로판,10,143,4,33000,로맨스판타지 회귀물 나이차커플 정략결혼,18,악처 비앙카 기적 여덟 살로 회귀 절연 상태 친정 고립 입지 후계 아이 낳 준비 결혼
64867866,0,0,0,0,0,0,0,가지고 싶어 [19세 완전판],1,황이들,1,로맨스,9.8,31,1132000,226,현대로맨스 캠퍼스물 짝사랑 다정남 츤데레남 능력남 능력녀 도도녀 삼각관계 달달물,18,애정 손끝 선배 이의 취업 복학 동기 호가 피부 근육 신경 은근 눈빛 실수 스킨십 나라 하진 의미
65142916,0,0,0,0,0,0,0,합의관계 [19세 완전판],1,"정후,라셀,은서정",4,로맨스,9.8,50,1320000,351,현대로맨스 몸정맘정 짝사랑 나쁜남자 소유욕 독점욕 후회남 재벌남 평범녀 순진녀 상처녀 계약관계,18,여자 이건 음성 해원 자극 필요 관계 만약 상무 자리 처지 결심 결혼 남자
63644867,0,0,0,0,0,1,0,"아빠, 나 이 결혼 안 할래요![19세 완전판]",1,"미르하,유리,Roal,홍희수",1,로판,9.9,131,1,6,로맨스판타지 오해물 착각물 가족후회물 빙의물 까칠남 왕족 귀족 무심남 엉뚱발랄녀 무심녀 집착녀 철벽녀 계약관계 쌍방삽질 로맨틱코미디,18,미움 악녀 리안 사랑 애인 가족 아버지 악역 나라고 인생 공녀 라이프 선언 싸이코패스 황태자 결혼 상대 고요 계약 연애 제자 결론 린다 남자 아빠
63639661,0,0,0,0,0,0,0,선 넘는 오빠 상사 [19세 완전판],1,"희소,달노래,더럽",2,로맨스,9.9,37,1885000,348,현대로맨스 우연한만남 능글남 재벌남 능력남 계략남 엉뚱발랄녀 평범녀 달달물 로맨틱코미디 드라마 원나잇 나이차커플,18,나잇 약속 상대 남자 사실 충격 문제 오빠 상사 기필코 회사 취직 친구 도전 건만 날벼락 능력 마음 이별
64924117,0,0,0,0,0,0,0,엄마의 남자 [19세 완전판],1,스튜디오 스텔라즈,1,로맨스,9.7,74,841000,301,현대로맨스 동거물 짝사랑 역하렘 드라마,18,위험 관계 부모 새엄마 첫사랑 정혁 여대생 이비 후견인 취급 친구 접근 이복 동생 유하 감정 혼란 연인 등장
64095113,0,0,0,0,0,0,0,덮치고 싶지 않아! [19세 완전판],1,"지고지9,곽브타,르릅",1,로판,9.9,37,951000,461,로맨스판타지 우연한만남 짝사랑 카리스마남 츤데레남 능력남 절륜남 엉뚱발랄녀 능글녀 애교녀 털털녀 로맨틱코미디 드라마 달달물 첫사랑,18,만취 손바닥 성욕 애정 대륙 미남 사랑 이건 신의 축복 저주 동정 가십 사제 행위 칭송 기본 발생
65567376,0,0,0,0,0,0,0,12시에 저주가 울리면 [19세 완전판],1,"치오,샤레",1,로판,9.8,38,506000,71,로맨스판타지 짝사랑 다정남 자상녀,18,초능력 무능력자 생일 짝사랑 소꿉친구 해성 자정 옷차림 능력 회사 상사 발동 조건
65198662,0,0,0,0,0,0,0,"너, 왜 이렇게 커? [19세 완전판]",1,"1010,유라떼",1,로맨스,9.9,20,899000,213,현대로맨스 능글남 직진남 친구연인 소꿉친구 달달물,18,지기 소꿉친구 한정우 이서 정우 짝사랑 성적 모종 사건 동거 장난감 친구 끼리
64144969,0,0,0,0,0,1,0,광안 [19세 완전판],1,"육미화,소라,라혜",1,로맨스,9.9,97,3746000,1,동양풍 상처남 절륜남 다정녀 순정녀,18,본분 궁녀 은우 상궁 소망 생활 세자 승 이현
64115859,0,0,0,0,0,0,0,사외 연애 [19세 완전판],1,"스튜디오 늘봄,무힝,요안나",7,로맨스,9.9,52,1243000,462,현대로맨스 오피스물 사내연애 우연한만남 짝사랑 능글남 다정남 재벌남 능력남 짝사랑남 평범녀 순진녀 짝사랑녀 엉뚱발랄녀 달달물,18,사내 연애 대학교 사랑 쓴맛 이후 하루 외모 학력 업무 능력 스타인 회사 사장 역시 재력 서정우 남자 엮인다 마음 한치 플러팅 경쟁 서울 미디어 코믹스
64511192,0,0,0,0,0,0,0,넘치거나 부족하거나 [19세 완전판],1,"은율,너굴",1,로맨스,9.9,42,801000,171,드라마 오피스물 사내연애 까칠남 순진남 유혹녀,18,성욕 여자 진과 상사 오피스
62264793,0,0,0,0,0,1,0,남주를 꼬시려던 건 아니었습니다 [19세 완전판],1,"솔티,단청,레이지피스",2,로맨스,9.9,121,9888000,4,재회물 빙의물 우연한만남 짝사랑 순정남 재벌남 능력남 짝사랑남 직진남 능력녀 뇌섹녀 철벽녀 신분차이 달달물 로맨틱코미디,18,남편 남작 부인 엘레 마리 빙의 원작 분량 고난 노력 사교계 명사 제안 여자 황녀 일확천금 마음 안고 리안 문제 제국 스캔들 메이커
66198911,0,0,0,0,0,0,0,감아 [19세 완전판],1,"청이리,폭약",1,로맨스,10,40,131000,35,현대로맨스 원나잇 몸정맘정 소유욕 독점욕,18,짝사랑 유원 하룻밤 관계 둘리 추락 은밀 제안 고개 갈수록 혼란 먼저
64922461,0,0,0,0,0,0,0,시한부 연애 계약 [19세 완전판],1,"김은지,정원,정매실,윤조",2,로맨스,10,35,580000,133,현대로맨스 시한부 능글남 다정남 츤데레남 엉뚱발랄녀 직진녀 계약관계,18,폐암 진단 시한 선고 소이 버킷리스트 매너 하늘 직장 상사 도준 계약 연애 제안 벌레
63348499,0,0,0,0,0,0,0,폭군의 애착인형 [19세 완전판],1,"연주,백이듬",1,로판,9.9,98,5625000,1,로맨스판타지 타임슬립 회귀물 까칠남 왕족 귀족 차도남 오빠 츤데레남 집착남 엉뚱발랄녀 다정녀,18,쿠데타 오빠 회귀 결심 오라버니 슬슬 혼인 대답 레이 얼른 황후 부자연 빨간색 눈동자 음험 남매 집착
64588378,0,0,0,0,0,1,0,오감도 [19세 완전판],1,"정해진,메타툰,둔둔,초창,김살구",8,로맨스,9.8,40,751000,249,현대로맨스 동거물 피폐물 몸정맘정 우연한만남 첫사랑 트라우마 소유욕 독점욕 재벌남 유혹남 절륜남 집착남 도도녀 집착녀 갑을관계,18,도망 기회 결핍 벼락 행운 선사 점차 의지 사실 불가항력 침투 이제야 소유 욕망 정해 초창 원작
65513113,0,0,0,0,0,0,0,여우 저택 [19세 완전판],1,"별무리,두두,밀밭",1,로맨스,9.9,41,680000,195,동양풍 시대 역사로맨스 인외존재 능글남 다정남 계략남 무심남 능력녀 무심녀 철벽녀 삼각관계,18,황금 의뢰 만취 상태 살수 목표 행위 해괴 계약 신부 위장 저택 의뢰인 동생 공유 이현 신랑 피해 가르침 합방 설상가상 천년 여우 천하 라지
61986358,0,0,0,0,0,0,0,다섯 번째 친구,1,"오은지,봉빙",5,로맨스,9.9,52,4714000,1,현대로맨스 원나잇 몸정맘정 사내연애 오피스물 다정남 능력남 절륜남 직진남 능력녀 엉뚱발랄녀 걸크러쉬 철벽녀 털털녀 로맨틱코미디,18,직장인 연애 경력 단절 지수 대리 친구 바이브레이터 딜도 다섯 사내 세현
63500287,0,0,0,0,0,0,0,상사의 맛,1,"정해진,제인,마호가니",1,로맨스,9.8,40,3278000,748,현대로맨스 몸정맘정 사내연애 신데렐라 다정남 소유욕 독점욕 재벌남 자상녀 순정녀 신분차이 달달물,18,어둠 고요한 퇴근 사무실 누가 상상 매사 사원 시각 속옷 스커트 차림
63802028,0,0,0,0,0,0,0,폭군의 비서관이 되었습니다 [19세 완전판],1,"제이,기오,이인혜",2,로판,10,121,7851000,2,로맨스판타지 빙의물 우연한만남 운명 까칠남 나쁜남자 다정남 직진남 능력남 능력녀 자상녀 로맨틱코미디 달달물 집착남 외유내강,18,비서 퇴사 엑스트라 리트 빙의 자작 호의호식 눈치 오빠 역시 경력 신입 처리 나니 인생 폐하 잡고
64569519,0,0,0,0,0,0,0,남노 [19세 완전판],1,"YD,길몽",1,로맨스,9.8,40,532000,202,동양풍 오해물 능글녀 사이다녀 까칠남 신분차이,18,노비 선비 격정 플레이 처형 아들 혼담 도의 모략 숙적 가게 이수 겁탈
62011604,0,0,0,0,0,0,0,음란한 노예계약,1,"한송이,단로일,양과람",7,로맨스,9.7,54,7164000,1,현대로맨스 계약관계 짝사랑 첫사랑 집착남 평범녀 달달물 드라마 츤데레남 까칠남 상처남 짝사랑녀 삼각관계 쌍방삽질 운동선수,18,야구선수 짝사랑 덕질 진로 야구단 메이저리그 투수 돌연 한국 국내 리그 선언 구단 청천벽력 소식 고등학교 동창 고백 거절 해외 커리어 포기 실망 배신 결심 약점 미로 계약 섹스 요구 번의 미련 소문 집착 소유 한송이 서울 미디어 코믹스
65450546,0,0,0,0,0,0,0,아이만 주세요 [19세 완전판],1,서우,1,로맨스,9.9,44,383000,74,능력녀 재벌녀 절륜녀 집착녀 연하남 유혹남 계략남 순정남,18,파혼 오메 오메가 작품 세계관 남성 임신 버스 재벌 자제 정략 결혼 상대 약혼 그룹 차녀 알파 유전자 페로몬 궁합 가족 사랑 요청 이후 거부 시아 러트 증상 악화 자리 피해 휴식 취하 아이 하룻밤
60541818,0,0,0,0,0,0,0,악녀의 남주님(19세 완전판),1,"R수없음,이하론",4,로판,9.9,105,6298000,2,0,18,유니 리아 라엘 친구 악녀 시드 사랑 질투 운명 일단 해도 남자 주님
61114428,0,0,0,0,0,1,0,약탈★마드모아젤 [19세 완전판],1,"조이,마니,김차차",1,로판,9.9,130,1,5,로맨스판타지 소유욕 독점욕 달달물 짝사랑 첫사랑 운명 다정남 짝사랑남 외유내강 순진녀 다정녀 짝사랑녀 쌍방삽질 드라마 상처녀,18,남자 왕도 레니 발리 에르 공작 사치 부채 상환 친구 제안 여자 약탈혼 코르 손가락 대부호 여식 아버지 죽음 자산 상속 쓰레기 술김 어딘가 저택 납치 거지 조이 서울 미디어 코믹스
62346577,0,0,0,0,0,0,0,보고싶고 품고싶고 [19세 완전판],1,"민은아,권열희",8,로맨스,9.7,74,4833000,1,시대 역사로맨스 동양풍 드라마 애잔물,18,나비 취해 시선 줄기 주어 송이 입술 온몸
63657785,0,0,0,0,0,0,0,소꿉친구가 이렇게 클 리 없어! [19세 완전판],1,"레드피치 스튜디오,곽두팔",1,로맨스,9.7,20,2967000,553,현대로맨스 짝사랑 첫사랑 능글남 운동선수 유혹남 엉뚱발랄녀 절륜녀 소꿉친구 친구연인 로맨틱코미디,18,사진 서연 인생 친구 골프 스타 이원 이어진 비교 성인 용품 운영 도착 본인 문제 이건 호기심 남자 메시지 여자 외면 답장
64922379,0,0,0,0,0,0,0,심장을 훔친 사랑 [19세 완전판],1,"최기억,권열희",8,로맨스,9.9,46,498000,123,현대로맨스 원나잇 까칠남 재벌남 재벌녀 능력녀 계약관계,18,재벌 아버지 외모 조건 첫사랑 실패 유학 클럽 여자 하룻밤 당장 결혼 단지 그룹 후계 할아버지 사랑 남자
64449095,0,0,0,0,0,0,0,안주는 남자 [19세 완전판],1,박미남,1,로맨스,10,147,884000,548,현대로맨스 달달물 로맨틱코미디 몸정맘정 걸크러쉬 여공남수,18,오르가즘 은성 나잇 쾌락 매일 섹스 남자 욕구불만 마침내 카페 사장 요한 유혹
65615461,0,0,0,0,0,0,0,이게 무슨 일이야? [19세 완전판],1,민국23,3,드라마,10,151,210000,54,소꿉친구 캠퍼스물,18,서프라이즈 준비 몰래 고등학생 대학 남자 친구 제대 축하 민국 작가 발랄 신작
64923736,0,0,0,0,0,0,0,이사님의 디저트 [19세 완전판],1,12,1,BL,9.8,73,561000,264,현대물 능글,18,이사 디저트 손가락 모양 조폭 무언가 자극 룸메이트 작가 신작
64231984,0,0,0,0,0,0,0,불건전한 연애[19세 완전판],1,"김강구,멍냥,윤소다",3,로맨스,9.8,56,2059000,593,현대로맨스 사내연애 오피스물 몸정맘정 트라우마 능력남 냉정남 직진남 다정녀 계약관계,18,불건전 관계 남자 여자 아버지 도박 위기 목숨 미로 은밀 업무 일도 한편 마음 형태 선뜻 남녀 어쩐지 반대 방어 사랑 삽질 운명 인연
64787611,0,0,0,0,0,0,0,절대우위 [19세완전판],1,"한오,민거,심약섬",1,로맨스,10,65,515000,90,현대로맨스 재회물 첫사랑 소유욕 독점욕 재벌남 후회남 자상녀 재벌녀 상처녀 정략결혼,18,강제 형질 숨기 알파 오메가 해원 복수 행세 비밀 정략결혼 마음 머릿속 최초 여인 유혹 목소리 목줄 성격 고개 눈빛 격정 환희 운명
63492925,0,0,0,0,0,0,0,크고 아름다워♥ [19세 완전판],1,"박수정,메가네우라",1,로맨스,9.5,80,3273000,1,현대로맨스 오피스물 드라마 달달물,18,일상 회사원 워크숍 장님 감금 충격 물건 목격 한눈
60780854,0,0,0,0,0,1,0,악의의 농도 [19세 완전판],1,"두리,팔듀(악어스튜디오),라치크",1,로판,9.9,98,1,3,로맨스판타지 복수물 영혼체인지 운명 나쁜남자 소유욕 독점욕 능력남 대형견남 순진남 계략녀 악녀 사이다녀 나쁜여자 유혹녀 드라마,18,프라 우드 카터 인생 귀족 영애 시한 술집 복수 칼날 이국 주술사 제안 육신 마법 작가 베르타 아가씨 준비 숙녀 대가 사방 악의 달라 백작 지위 얼굴 이용 원수
60401148,0,0,0,0,0,1,0,화홍 [19세 완전판],1,"서윤영,이지환",2,로맨스,9.7,243,1,6,시대 역사로맨스 가상시대물 첫사랑 운명 다정남 소유욕 독점욕 왕족 귀족 후회남 절륜남 삼각관계,18,고고 전하 아씨 중전 조강지처 소박 궁궐 생활 중전마마 회임 여인 눈길 지존 마마 사랑 로맨스 장편 대가 작가 원작 만화 재탄생 왕자 공주 장성 세자빈 보령 세자 저하 예전 처자 연희 보통 약조 일쑤 간택 미리 보쌈 각양각색 스타일 연애담
60636581,0,0,0,0,0,0,0,아는 만큼 느끼는,1,"임글씨,황이들",1,로맨스,9.8,60,1,2,현대로맨스 영혼체인지 막장 다정남 바람둥이 선배 대형견남 능력녀 도도녀 나쁜여자 순진녀,18,섹스 부부 옆집 언니 영혼 남자 생애 오르가즘 아내 의무 육체
60482121,0,0,0,0,0,1,0,신부의 밤 [19세 완전판],1,"맵다,문림,유정",1,로맨스,9.9,78,1,3,현대로맨스 동양풍 차원이동물 몸정맘정 운명 인외존재 능글남 능력남 유혹남 절륜남 존댓말남 외유내강 상처녀 달달물 드라마,18,요괴 이계 꿈속 정체 여인 멋대로 입술 벌써 보름 여자 하늘 남자 운명 치명
62830615,0,0,0,0,0,0,0,밀혼 [19세 완전판],1,"황바름,포루리,이른꽃",1,로맨스,9.9,31,3227000,431,시대 역사로맨스 동양풍 남장여자물 남장여자 능글남 다정남 순정남 왕족 귀족 절륜남 순진녀 순정녀 다정녀 운명,18,세도 가의 반역 살기 남장 은신 순탄 다만 공자 관심 혼약 청운 황자 조우
64016416,0,0,0,0,0,0,0,내 발등에 입 맞추는 악마여 [19세 완전판],1,"뜬샘,캥쥐,한설온",2,로판,9.8,35,575000,213,로맨스판타지 복수물 막장 피폐물 트라우마 소유욕 독점욕 연하남 상처녀 까칠녀 나이차커플 삼각관계 금단의관계 신파 존댓말남 대형견남,18,후작 가로 시집 마리아 남편 사랑 초야 고통 결혼 생활 어가 이복 동생 로웰 외도 복수 이용 유혹 금단 관계 거부
60636644,0,0,0,0,0,1,0,"우정, 그 불순한",1,"초미,채랑비",1,로맨스,9.9,50,8539000,2,현대로맨스 원나잇 몸정맘정 짝사랑 다정남 순정남 절륜남 짝사랑남 능력녀 뇌섹녀 다정녀 친구연인 달달물 잔잔물,18,아주 친구 시영 지후 여자 욕정 연인 배신 시선 쾌감
64994640,0,0,0,0,0,0,0,까마귀는 반짝이는 것을 좋아해 [19세 완전판],1,"미주,씨씨",2,로판,10,111,915000,642,로맨스판타지 기사물 운명 능글남 소유욕 독점욕 유혹남 직진남 걸크러쉬 능력녀 달달물 로맨틱코미디,18,북부 기사 황태자 로맨스 제국 지속 전쟁 승리 우드 감동 황제 수도 세운 제의 소문 황녀 클로이 오빠 체이샤 거래 야만 남자라면 부탁 마중 간다 야만인 사하 여인 압도 충성 점차 관심 여자 사실 알리 드레스 장신구 치장 승전 기념 파티 황후 약혼 순식간 사교계 주목 원작 학산 문화
64403354,0,0,0,0,0,0,0,애욕 조교 [19세 완전판],1,우에카와 키치,1,BL,8.9,120,626000,293,현대물 동거물 피폐물 우연한만남 짝사랑 집착 연하 짐승 다정 꽃같은 약한 미남 체념 고퀄리티 분량많은,18,증오 감정 선배 수로 유망 아사 사고 인생 성격 원인 후배 성적 명령 풀이 취급 잘못 해도 조교 선언 미지 자극 간다
63653603,0,0,0,0,0,0,0,블러드 키스 [19세 완전판],1,"휘를,선일,스토리타코",2,로맨스,9.9,64,2094000,1,현대로맨스 몸정맘정 오피스물 역하렘 인외존재 까칠남 능글남 다정남 순정남 능력남 애교남 유혹남 절륜남 능력녀 사이다녀,18,얼굴 아빠 사망 소식 사채 업자 위협 알바 소이 회사 면접 뱀파이어 관리 비밀 우린 혈통 책임자 데인 혐오 혼혈 그레이 빈민가 저돌 신체 성격 에덴 사고 변화 머리 성욕 냄새 혼란 진실 로맨스
62011864,0,0,0,0,0,1,0,자정의 B사감,1,"박다연,이리",1,로맨스,9.9,55,8014000,1,현대로맨스 짝사랑 첫사랑 순정남 연하남 운동선수 직진남 상처녀 계약관계 달달물,18,짐승 쾌감 자정 약속 자유 준비 여자 인생 구원 운명 사랑 남자 권우 계약 결혼 마음 러브스토리
62829773,0,0,0,0,0,0,0,이타적 용사 [19세 완전판],1,"샛새,ARA,황차니",2,로판,10,51,2422000,875,로맨스판타지,18,신성 관계 저주 정화 레벨 아이 몬스터 풀기 세계관 접근 시도 핑계 여자 역시 경멸 원작
62075272,0,0,0,0,0,0,0,천일의 아내 [19세 완전판],1,"죠이나,0510,베리",1,로맨스,9.7,62,5464000,924,현대로맨스 드라마 신데렐라 다정남 재벌남 평범녀 순정녀 신분차이,18,마지막 하루 부부 재벌 손자 며느리 신부 주부 신데렐라 새해 모태솔로 결혼 이혼 선언 수식어 허울 남편 예상 은밀 반전
64274173,0,0,0,0,0,0,0,정숙한 남자 [19세 완전판],1,"깡이 ,욱",1,BL,9.9,131,539000,531,집착,18,머릿속 지배 망상 고등학교 동창 가려진 회사 앙숙 관계 상태 약점
63205158,0,0,0,0,0,0,0,어딜 도망가,1,"팀 하양(솜, 오복)",1,로맨스,9.9,50,2754000,590,현대로맨스 동거물 오해물 착각물 계약관계 대형견남 순정녀,18,옆집 며칠 소음 화가 순이 아예 라며 분노 취미 확인 찰나 딜도
60253679,0,0,0,0,0,0,0,킹스메이커 ~Triple Crown~ [19세 완전판],1,"하가,강지영",1,BL,9.9,149,3910000,3,중세물 서양풍 궁정로맨스 사랑꾼 황제 꽃같은 무심한 미남 신분차이 금단의관계 고퀄리티 이야기중심 작화가 쩌는,18,작가 화제 인기 메이커 쿠데타 고생 황좌 탈환 볼프강 황제 유물 신수혁 사랑 복수 트리플 크라운 달성 재무대신 보필 하루 애정 공세 전대 전리품 설상가상 위태 황권 반발 무리 노리 도모 관계 부의 여러분 초대
62916930,0,0,0,0,0,1,0,짐승같은 스캔들 [19세 완전판],1,"박플럼 [악어스튜디오],샨탈",2,로맨스,9.8,78,4038000,1,현대로맨스 연예계물 짝사랑 우연한만남 운명 까칠남 나쁜남자 짝사랑남 직진남 능력녀 계약관계 삼각관계 배틀연애 로맨틱코미디 달달물,18,국민 여배우 스캔들 메이커 범의 사실 비밀 소속사 농간 절친 연기 친구 분명 으르렁 대기 프로그램 촬영 마음 변화 자꾸 진심 오해 가짜 연인 짐승 런칭
63202755,0,0,0,0,0,0,0,남장 비서 [19세 완전판],1,"버선버섯,이서한",1,로맨스,9.8,88,3529000,864,현대로맨스 남장여자물 오해물 오피스물 남장여자 트라우마 소유욕 독점욕 재벌남 능력남 카리스마남 능력녀 상처녀 갑을관계 삼각관계 드라마,18,비서 이서 작가 원작 남장 버섯 재탄생 사고 남동생 대기업 부사 서원 입사 자마자 산업 스파이 몰리 누명 분투 여자 사회생활 가뜩이나 찾기 와중 남자 욕망 강준 얼굴 이사
60462353,0,0,0,0,0,1,0,아내가 돌아왔다 [19세 완전판],1,"신선,정다금,이보나",4,로맨스,9.9,87,5212000,1,짝사랑 운명 까칠남 순정남 재벌남 능력남 철벽남 능력녀 걸크러쉬 정략결혼 로맨틱코미디,18,이혼 사랑 정략 결혼 비즈니스 남자 여자 지난 상치 장소 낯선 관계 재회 연애 아내 예전 심장
64142670,0,0,0,0,0,0,0,저택 영춘화:한결같이 사랑해 [19세 완전판],1,소소솜솜,1,로맨스,9.7,20,1715000,489,현대로맨스 미스터리 캠퍼스물 옴니버스 첫사랑 짝사랑 능글남 상처남 후회남 순정녀 짝사랑녀 로맨틱코미디 달달물 힐링물,18,거짓 남자 진심 여자 로맨스 혼돈 가슴 깊이 사랑 아내 마음 외딴섬 저택 영춘화 지나 부부 사연 잊혔으 수수께끼 관리인 숙박업소 운영 초대 무한 상상 오신 환영 형태 마음껏 시오 허락 호화 여러 작가 여성 단편 대학교 축제 행사 무료 숙박 이벤트 당첨 결과 이사 적극 태도 고백 한결 사실 접촉 상대 거짓말 능력 한치 리가 관계
65090430,0,0,0,0,0,0,0,최고의 그녀 [19세 완전판],1,이태경,6,로맨스,9.9,40,319000,61,현대로맨스 속도위반 짝사랑 순정남 연하남 애교남 능력녀 도도녀 걸크러쉬 뇌섹녀 삼각관계,18,취준생 동경 세라 하룻밤 지경 반응 임신 테스트 사진 이건 누나 결혼 회의 설상가상 남자 선배 준우 마음
64944389,0,0,0,0,0,0,0,가정부의 사정 [19세 완전판],1,강뿌콘,1,BL,9.5,82,423000,299,현대물 갑을관계 다정 연상의 연하,18,가정부 자꾸 요리 청소
60933500,0,0,0,0,0,0,0,스윗 드림 (Sweet Dream) [19세 완전판],1,고슈,2,로맨스,9.9,49,7011000,847,현대로맨스 오피스물 사내연애 달달물 평범녀 능글남 소유욕 독점욕,18,사내 연애 엉망 장님 유혹 실패 사내연애 라면 재희 덕분 설치 업무 진창 홀려 엮이
64241798,0,0,0,0,0,0,0,통하였느냐 [19세 완전판],1,"비눈,등불,라임나무",1,BL,10,54,464000,374,원작소설,18,양부 의문 사고사 정의 능력 범인 정 박수 무당 조상 사람과 성적 접촉 쾌감 사용 친구 재산 억지로 서울 이후 클럽 재회 머리 기절 어보 일주일 주변 찾기 노력
63891320,0,0,0,0,0,0,0,"반했어요, 대리님",1,"허부리,연킬,신민영",1,로맨스,9.7,48,1516000,433,현대로맨스 오피스물 연하남 능력녀,18,해주 애교 잠자리 남자친구 현석 자리 통보 취한 상태 강준 상대 위장취업 회사 마켓 블루 직원 과자 호기심
63505762,0,0,0,0,0,0,0,블러드 링크 [19세 완전판],1,오늘만 사는 형제,1,BL,10,135,2521000,1,현대물 판타지물 수인물 능글 연상 약한 소심 금단의관계 나이차커플 두근거리는,18,인생 난입 학교 선배 이성 물어 뱀파이어 늑대인간
63416079,0,0,0,0,0,1,0,네 입술에 물들어 [19세 완전판],1,"도염,세류,아리킴",1,로맨스,9.9,54,2302000,849,현대로맨스 첫사랑 다정남 직진남 걸크러쉬 정략결혼 오해물 재회물 트라우마 오빠 소유욕 독점욕 재벌녀 재벌남 능력녀 쌍방삽질,18,사랑 언니 첫사랑 피하 정략결혼 지안 직감 전부 제자리걸음 차라리 결정 결혼 가까이 도진 음성 경고 숨결 진의 단호 배우 첫키스 이후 불도저 직진 오해 그림자 감당 함부로 마음 남자
65372146,0,0,0,0,0,0,0,BL모텔 [19세 완전판],1,어린,1,BL,10,155,350000,257,첫사랑,18,사장 알바생 오해 가득 사정 게이 손님 모텔 공모전 우수상 수상작
61211095,0,0,0,0,0,1,0,나쁜 제안 [19세 완전판],1,"NOVe,황한영",2,로맨스,9.8,58,3706000,679,현대로맨스 재회물,18,지금껏 삼촌 카페 희수 남자친구 석현 거절 제안 아마 악연 되풀이
61676260,0,0,0,0,0,0,0,열광 [19세 완전판],1,오늘만 사는 형제,1,BL,9.9,63,3145000,1,현대물 조직 암흑가 냉정 떡대 갑을관계,18,불법 클럽 동생 패배 대부호 아들 불효자 서연 진의 계획
64843857,0,0,0,0,0,0,0,히트앤런 [19세 완전판],1,홍쏘나,1,BL,9.8,102,456000,324,친구연인 현대물 떡대,18,긴장감 이안 예전 알파 원수 집안 아들 동생 지환 미국여행
66036270,0,0,0,0,0,0,0,하이 클리어(HIGH CLEAR) [19세 완전판],1,윤별,1,BL,9.9,70,56000,96,캠퍼스물 짝사랑 오해물 착각물 연상 강한 떡대 무심한,18,마음 반대 종일 정민 가슴 무언가 주원 노력 중인 습관 실수 짝사랑 상대 잠깐
65069840,0,0,0,0,0,0,0,속된 자의 기도문 [19세 완전판],1,"망묘,카미나리,디키탈리스",3,로판,9.9,30,302000,103,로맨스판타지 짝사랑 첫사랑 능글남 직진남 연하남 능력남 능력녀 나쁜여자 계약관계,18,총애 천사 사하 처단 한순간 동정 날개
65638474,0,0,0,0,0,0,0,보편적 가이드의 평범한 일상 [19세 완전판],1,"구만,하세영",1,BL,9.9,63,161000,121,현대물 무심 능력,18,가이드 강윤 에스퍼 헌터 변화 센터 하디 반복 일상 만족 남자 실력 예상 개인 요청 생활
63451725,0,0,0,0,0,0,0,어차피 우리팀은 꼴찌야 [19세 완전판],1,"페랄타,홍과",1,로맨스,9.8,41,1933000,470,현대로맨스 원나잇 스포츠물 운명 트라우마 다정남 연하남 걸크러쉬 사이다녀 여공남수 달달물 로맨틱코미디 드라마 개그물 힐링물,18,키스 우승 만년 꼴찌 야구 승아 실망 분노 탈덕 결심 남자 얼결 기적 스킨십 수록 긍정 프로젝트 돌입
66128042,0,0,0,0,0,0,0,사장님은 너무해 [19세 완전판],1,"마케,다금",1,BL,9.8,44,36000,22,현대물 능글 능력 연하 연상의 소심,18,거지 태호 마음 올해 연애 하리 친구 클럽 남자
65776398,0,0,0,0,0,0,0,빅앤빅 [19세 완전판],1,"청영,삼랑",1,BL,10,56,84000,90,현대물,18,자네 감상 신임 이사 자위 해고 각오 출근 뜻밖 제안
65584346,0,0,0,0,0,0,0,공작가의 가정교사 [19세 완전판],1,MEPI,1,BL,9.9,100,166000,124,능력 능력있는 서양풍,18,공작 집중 아카데미 우등 앞날 탄탄 귀족 동급생 주먹질 이후 미래 곤두박질 취직 작가 가정교사 자리 기회
61447622,0,0,0,0,0,0,0,못할 짓,1,산,2,드라마,9.9,73,1,7,현대물 복수 음모 연상연하 감독 스카우터 짝사랑 배우 이야기중심,18,익명 유명 배우 촬영 제안 업계 대표 인물 폭언 한순간 영화감독 희원 악화 자존심 갈팡질팡 수상한 정체 약속 비밀 자로 대하 노력 진행 잘못 관계 헤어 사랑 착각
66118366,0,0,0,0,0,0,0,살맛 : 전생에 나라를 구했습니다 [19세 완전판],1,스튜디오 스텔라즈,1,로맨스,9.9,146,53000,12,원나잇 나쁜남자 다정남 능글남 능력남 재벌남 계략남 평범녀 드라마,18,온통 미남 전생 나라 명문 교수 비서 매일 야근 모태솔로 공항 도착 헐리웃 스타 키스 모자라 대부호 납치 엄마 남자 스튜디오 스텔라 로맨스 신작
66128182,0,0,0,0,0,0,0,원 샷 원 ■■ [19세 완전판],1,연시온,1,BL,9.2,30,33000,25,계략 연하 미인 집착 미남 연상의 첫사랑 동거물,18,임신 정원 오메가 동생 예정 술김 신입생 환영 나잇 기억 당황 아이 의미 심장 미소
62095244,0,0,0,0,0,1,0,"옳지, 잘했어, 먹어 [19세 완전판]",1,"치크밀,자와,룬휘영",1,로맨스,9.6,32,2773000,603,현대로맨스 재회물 첫사랑 역하렘 순정남 능력남 다정남 절륜남 애교남 능력녀 외유내강 걸크러쉬 오래된연인 여공남수 로맨틱코미디,18,일방 이별 통보 첫사랑 재회 사랑 수만 선언 남자 예상 시나리오 반려
62756504,0,0,0,0,0,0,0,아몬 : 헤아릴 수 없는 [19세 완전판],1,"감자,늑범,피숙혜",3,로맨스,9.9,70,2506000,679,현대로맨스 복수물 계약관계 집착남 순정남 재벌남 철벽녀 까칠남 절륜남 상처녀 능력남 트라우마 운명 능글남 외국인남 혼혈,18,사랑 자네 최강 업체 치명 트라우마 기업 사활 차지 주인 거래 여자 남자 음모 배신 한가운데 위태 남녀 핏빛 몸짓 격정
63659984,0,0,0,0,0,0,0,애인 셔틀 [19세 완전판],1,임애주,1,BL,10,98,864000,697,연하,18,애인 알파 페로몬 임신 가능 오지 반쪽 오메가 재수 발현
64681643,0,0,0,0,0,0,0,비 마이 게스트 [19세 완전판],1,"티오비,영모",3,로맨스,9.8,28,239000,65,현대로맨스 원나잇 순정남 드라마,18,여름 연우 바다 계기 하우스 훈남 숙박
65356223,0,0,0,0,0,0,0,레드 캔디 [19세 완전판],1,한세,1,BL,9.8,101,505000,299,강한 존대하는 다정,18,스파이 로맨스 사설 정보 회사 에이전트 코드 레드 캔디 첩보 사격 전투 능력 자랑 임무 완수 게이 함락 무기 설계도
65006666,0,0,0,0,0,0,0,안티피티 [19세 완전판],1,이지피,3,BL,9.8,63,443000,469,현대물 삼각관계,18,심야 수업 인생 대기업 엘리트 사원 최대 약점 도리 장소 성격 상사 회사 생활 사내 피트니스 센터 트레이너 잘못
64924764,0,0,0,0,0,0,0,무혁한 나의 [19세 완전판],1,"날치,gimmgim",1,BL,9.9,38,327000,273,현대물 몸정맘정 능글 미인 까칠한 노블코믹,18,옆집 매일 신음 벌써 남자 타투 설상가상 택배 도둑 오해 잘못 배송 거대 성인 용품 기류
65962024,0,0,0,0,0,0,0,어쩌다 룸메이트 [19세 완전판],1,12,2,BL,9.8,41,67000,54,동거물 다정,18,짝사랑 선배 적극 기억 욕구불만 태수 혼란 룸메이트 일기 섹스
65020519,0,0,0,0,0,0,0,배드띵킹 다이어리 [GL] [19세 완전판],1,"호단,랑라리",1,로맨스,9.4,60,297000,195,친구연인 짝사랑녀 캠퍼스물,18,짝사랑 집착 마음속 차곡차곡 유나 일곱 스물 베스트 관계 대학 캠퍼스 도착
60276524,0,0,0,0,0,0,0,하지점,1,YUJU,2,로맨스,9.9,54,6349000,2,현대로맨스 짝사랑 순정남 연하남 짝사랑남 존댓말남 대형견남 순진남 동정남 능력녀 무심녀 상처녀 여공남수,18,키스 카페 운영 이혼 서하 스무 알바생 지후 감정 결혼 생활 문득 섹스 남편 연우 연애
60933491,0,0,0,0,0,0,0,정혼 시리즈,1,희소,1,로맨스,9.8,122,5285000,1,동양풍 순정남,18,정혼 야수 가짜 신부 불꽃 순정 가라 공주 소문 두려움 하녀 리안 이용 첫날 노예 직전 선택 부채 의식 번번이 거절 안고 상처 투성이 인연 마음 이내 한편 신관 위태 정세 일리 안과 역시 음모
65047491,0,0,0,0,0,0,0,언로맨틱 [19세 완전판],1,정석찬,2,BL,10,65,227000,114,현대물 연하 능력있는,18,인생 등장 특급 재벌 가의 미모 우성 오메가 먼저 알파 무시 로맨스
65685150,0,0,0,0,0,0,0,이율배반 [19세 완전판],1,결,1,BL,9.9,79,96000,99,계약연애 결혼 현대물 능글 연하,18,톱스타 계약 연애 이건 기일 사랑
61455512,0,0,0,0,0,1,0,아파도 하고 싶은[19세 완전판],1,"김인정,채랑비",2,로맨스,9.8,74,4671000,1,현대로맨스 동거물 짝사랑 첫사랑 상처남 능력남 자상녀 짝사랑녀 계약관계 달달물 애잔물,18,아주 짝사랑 하연 여자 동아리 후배 직장 여자애 결혼 시일 계약 남자 간직 감정 유혹 입술 도발 선배 예상외
62408956,0,0,0,0,0,0,0,진비서 감금일지,1,"꼬리,백지,구뱝,한예외",1,BL,9.9,49,1812000,792,현대물 빙의물 집착 미인 능글한 착각물 계략 재력 유혹 소유욕 원작소설 작화가 쩌는 사랑스러운 고퀄리티,18,구석 현자 타임 감금 주인 겉보기 젠틀 디스 얼굴 이상형 조교 숙식 제공 생활
60345347,0,0,0,0,0,0,0,밤의 향,1,보리,3,로맨스,9.9,87,4976000,1,시대 역사로맨스 몸정맘정,18,여름밤 향기
65103336,0,0,0,0,0,0,0,범 내려온다 [19세 완전판],1,"사다새,61",1,BL,9.8,47,294000,185,현대물 캠퍼스물 동양풍 판타지물 동거물 능력 짐승 집착 고퀄리티 이야기중심 동양화스러운 꽃같은,18,한겨울 조난 대학생 경 군인 백호 구조 신수 영역 기억 어쩐지 계절 그리움 하늘 내기 데리
63539722,0,0,0,0,0,0,0,켈로이드 [19세 완전판],1,"네온비,도달",1,로맨스,9.5,58,1854000,714,현대로맨스 드라마,18,남자 청담동 피부 대표 디자이너 유예 선남선녀 커플 결혼 아내 욕망 선택 가정 가기
64681328,0,0,0,0,0,0,0,수화 [19세 완전판],1,커,1,BL,10,115,386000,452,다정 연상 현대물,18,강수 화의 청각장애 고요 목소리 연애 만화 공모전 우수상 수상작
65962107,0,0,0,0,0,0,0,종점 [19세 완전판],1,영찬,1,BL,9.8,62,70000,348,피폐물 가난 후회 갑을관계,18,몸뚱이 아버지 열성 오메가 형질 그룹 전화 도착 우성 알파 린다
64643946,0,0,0,0,0,0,0,영업부의 큐피드 [19세 완전판],1,"상한녹차,안은진",1,BL,10,54,333000,248,현대물,18,오라 능력 태준 끼리 회사 영업 부의 큐피드 무지개 신입사원 홍연 접근 녀석 감당
60743950,0,0,0,0,0,1,0,아폴론의 심장 [19세 완전판],1,"HI,큐또,이보나",5,로맨스,9.9,80,5736000,1,현대로맨스 오해물 재회물 트라우마 운명 나쁜남자 소유욕 독점욕 재벌남 절륜남 계략남 능력녀 철벽녀 상처녀 계약관계 기억상실,18,여자 태준 약혼 호텔 사랑 죽음 사실 서서히 정체 사건 진실 심장 연인
63725697,0,0,0,0,0,0,0,저택 영춘화:논슬립 너드 판타지(NNF) [19세 완전판],1,"칸트웍스,마그네슘",1,로맨스,9.9,13,1357000,330,현대로맨스 오해물 원나잇 옴니버스 우연한만남 운명 연하남 순정남 능력녀 걸크러쉬 달달물 로맨틱코미디 개그물 드라마 나이차커플,18,정반대 남녀 욕망 실현 투하 성인 로맨스 코미디 혼돈 남자 가슴 깊이 사랑 아내 마음 외딴섬 저택 영춘화 지나 부부 사연 잊혔으 수수께끼 관리인 숙박업소 운영 초대 무한 상상 오신 환영 형태 마음껏 시오 허락 호화 여러 작가 여성 단편 슬립 너드 판타지 커리어우먼 미스터리 소설가 지망 커리어 타인 창작 한계 극복 인생 여행 내부 가요 소원
63668322,0,0,0,0,0,0,0,허니 베드톡 [19세 완전판],1,단추,2,로맨스,9.8,58,1424000,570,현대로맨스,18,여자 입장 톡방 허니 뮤지션 강의실 작가 데뷔
65729244,0,0,0,0,0,0,0,로맨스 낫 로맨틱 [19세 완전판],1,"담장,상두,김밀가",1,BL,10,38,142000,193,현대물 다정 연상 사랑꾼 강한 까칠한 사내연애 노블코믹 두근거리는,18,로맨스 로맨틱
62445491,0,0,0,0,0,0,0,럭키 파라다이스,1,강늑,1,BL,9.9,129,1576000,2,현대물 떡대 미남 연하 다정,18,체육 학년 수업 지각 골목 남자 모자라 오후 식당 테이블 남자에게 치킨 실수 선배 인연
65856131,0,0,0,0,0,0,0,사랑은 환상! ~더 퀸~ [19세 완전판],1,파고,1,로맨스,9.8,31,70000,29,짝사랑 순진남 후회남 능력녀 걸크러쉬 나쁜여자 후회녀 여공남수 삼각관계 친구연인,18,승아 도겸 결혼 상대 섹스 박도 결심 자리 비서 요청 사랑 환상 오메가 버스 후속작
64311695,0,0,0,0,0,0,0,이웃이 운명인가요 [19세 완전판],1,석서,1,BL,9.9,46,224000,114,현대물 친구연인 능글 다정 까칠한 짝사랑,18,이웃 자꾸 분위기 옆집 게이 커플 시도 애정 행각 한마디 취급 도준
64786955,0,0,0,0,0,0,0,내시실격 [19세 완전판],1,"YD,NIMBY",1,BL,9.5,60,233000,150,동양풍 피폐물 후회 삼각관계,18,해민 망나니 세자 협박
64997262,0,0,0,0,0,0,0,시크릿 테라피 [19세 완전판],1,청담,1,BL,10,39,196000,108,현대물 캠퍼스물 미인 재력 가난,18,비밀 선배 성적 후배 이기 대학생 복학 이현 마음 첫인상 일과 스트리머 변신 한편 충격
66236266,0,0,0,0,0,0,0,인시크릿 [19세 완전판],1,이파도,1,BL,10,104,26000,19,동거물 현대물 연상 연하 짝사랑 연상의 연상연하 작화가 쩌는 고퀄리티 두근거리는,18,메이트 관계 실수 회사 골칫거리 멤버 컨트롤 유원 나름 유지
60762541,0,0,0,0,0,0,0,박쥐사육[19세 완전판],1,제이드,3,BL,9.9,86,554000,722,학원물 성장물 짝사랑 다정 까칠한 도망 친구연인,18,절실 흡혈귀 혈액
62827145,0,0,0,0,0,0,0,미친놈 종합세트,1,"지팡,계자",1,BL,10,68,1083000,634,현대물 유혹 노블코믹 고퀄리티 이야기중심,18,결혼 남자 소개 실종 이후 정체 조폭 납치 핑크 라이 이몽 기업 정보 남편 처리 나선 가의 둘째 아들 매번 마음 감정
65993885,0,0,0,0,0,0,0,백만원의 로맨스 [19세 완전판],1,달현지,1,BL,9.9,103,61000,87,미남 나이차커플 계약연애 결혼 다정,18,남우 상속 계약 연애 욕심 지폐 낯선 남자 감촉 로맨스
64645077,0,0,0,0,0,0,0,뷰파인더 [19세 완전판],1,이지,1,BL,10,89,324000,224,현대물 연하 집착,18,영원 선배 마음 해민 몰래 카메라 은밀 취미 사진 볼모 거래 이지 작가
62579885,0,0,0,0,0,0,0,회사원 K의 비밀,1,모락,1,BL,10,61,1840000,787,0,18,직장 생활 대리 한가지 비밀 뱀파이어 반쪽 번의 실수 인생
65513165,0,0,0,0,0,0,0,헌터는 하룻밤에 10번... [19세 완전판],1,"타조알,밥솥,두고",1,BL,10,25,164000,173,현대물 판타지물 첫사랑 집착 강한 능력있는 연하 미인 무심한 연상의 짝사랑,18,던전 일부 헌터 발현 대한민국 의무 대가 형제 자매 입대 면제 산다 집안 아이 입양 유행 연우 방식 정우 대학교 근처 정체 자원 대리 일상 전날 억지로 성기 뒷구멍 목숨
61268838,0,0,0,0,0,1,0,웨딩드레스를 벗기는 방법 [19세 완전판],1,"해피북스투유,아초,요안나",5,로맨스,9.8,64,3957000,791,현대로맨스 원나잇 전문직물 오피스물 우연한만남 까칠남 재벌남 카리스마남 계략남 직진남 능력녀 계약관계 달달물 로맨틱코미디 드라마,18,결혼식 하루 결혼 신념 아이 대표 스카우팅 거절 재벌 전문 웨딩 취해 남자 하룻밤 키스 먼저 실수 책임감 우린 라며 직원 다이아몬드 티아라 회사 계략 이건 음식 비즈니스 인수 합방 로맨스 웨딩드레스
63117133,0,0,0,0,0,0,0,W.O.W (Walk On Water),1,"장목단,잭스",1,BL,10,65,1304000,904,현대물 갑을관계,18,영상 회사 에드 지인 몰래 활동 상대역 변수
65899325,0,0,0,0,0,0,0,플로리다 반점 [19세 완전판],1,"스튜디오 플,김용규,십이월",1,BL,9.5,45,122000,96,현대물 우연한만남 무심 능력 다정 연상 소심 평범한 아방 갑을관계 연상연하 사내연애,18,요리사 안고 상경 해원 시골 누리 게이 라이프 마음껏 이태원 클럽 취해 강압 손길 마침 취향 남자 환상 첫경험 상대 나잇 자취 인스타 레스토랑 셰프
60667533,0,0,0,0,0,0,0,체크 메이트 [19세 완전판],1,탄,1,BL,10,115,3211000,2,0,18,학창 만년 수현 은성 시기 불타 노력 부족 고등학교 졸업 동시 의욕 쾌감 집착 추락 욕망
60685783,0,0,0,0,0,0,0,이사님께 고백받았습니다,1,이태경,6,로맨스,9.7,58,4113000,823,현대로맨스 사내연애 오피스물 능력남 절륜남 능력녀 걸크러쉬 뇌섹녀 갑을관계,18,스포츠 이사 보좌 보스 미혼 수려 외모 회사 아이돌 존재 여배우 뿌리 기도 구석 윤서 직장 상사 존경 자부심 모시 성하 해외 출장 하루 업무 퇴근길 뜻밖
62933358,0,0,0,0,0,0,0,향현문자 [19세 완전판],1,"임애주,채팔이",1,BL,10,82,1124000,970,현대물 판타지물 피폐물 트라우마 재력 무심 연상 능력있는 연상연하 무심한 평범한 냉정 나이차커플 고퀄리티 원작소설,18,상대방 감정 문자 능력 남자 등장 호감 미스터리 관계 서막
65138764,0,0,0,0,0,0,0,폴링 다운 [19세 완전판],1,따쓰,2,BL,9.6,51,178000,72,현대물,18,동료 바텐더 소개 유니 그룹 여식 계약 결혼 어머니 치료 마련 청산 감고 윈도 부부 생활 결심 고교 마음 피치 후배 결혼식 재회 취소 수도 증거 자식 미리
65076533,0,0,0,0,0,0,0,일기예보적 연애 [19세 완전판],1,"삼영,그웬돌린",1,BL,9.8,48,306000,288,현대물 캠퍼스물 짝사랑 집착 도망 소심 친구연인 소유욕 질투 노블코믹 두근거리는,18,연애 전선 불면증 도현 난생처음 존재 행복 일기예보
65333735,0,0,0,0,0,0,0,여름손 [19세 완전판],1,능선,1,BL,9.7,51,157000,192,현대물 성장물 첫사랑 삼각관계 후회 다정 연하,18,포기 여름 폭풍 처분 관리인 추억 주인 불쑥 손님 마음 이제야 서울 믿음 심장
65389448,0,0,0,0,0,0,0,막장드라마 [19세 완전판],1,"담장,지마,완동십오",1,BL,10,54,216000,167,현대물,18,약혼 진주 뒷바라지 전남친 뒤통수 설상가상 의도 병원 신세 남자 졸졸 마음 주의 인생 드라마 낭만 아버지 회장 장르 막장드라마
60980562,0,0,0,0,0,0,0,생존결혼 [19세 완전판],1,지완,8,로맨스,9.9,102,2382000,766,차원이동물 운명 인외존재 소유욕 독점욕 차도남 능력남 집착남 대형견남 평범녀 순정녀 달달물,18,우연 운명 주인 대학 조교 교수 심부름 방문 회사 하룻밤 남자 온몸 감각 기억 당황 역시 기시감 필연 조각
65394801,0,0,0,0,0,0,0,마르셀 [19세 완전판],1,"크뭉,진성",1,BL,9.7,58,166000,81,서양풍 피폐물 계략 떡대 갑을관계,18,관계 수록 누나 실종 걱정 경찰 위치 찾기 달라 요청 경호원 근무 회장 외모 자꾸 엮이 육체 연관 의심
65910201,0,0,0,0,0,0,0,맨해튼 로맨스 [19세 완전판],1,"표류,칠밤",2,BL,10,64,59000,15,현대물 다정 능력 연상 사랑꾼 꽃같은 능력있는 소심 천재적인 연상연하 운명적사랑 고퀄리티 원작소설 이야기중심,18,뉴욕 허름 호텔 하우스 외삼촌 학대 새벽 취미 그림 호의 정체 투숙 무언가 추궁 남자 결백 표정 주시 먹이 디저트
64491336,0,0,0,0,0,0,0,오메가의 연애 사정 [19세 완전판],1,"자몽(jamong),무이루이스",1,BL,9.8,58,235000,190,현대물,18,연애 하자 알파 성우 청천벽력 접점 당황 결혼 계약 성사 페로몬 취한 신경 앞날
60868899,0,0,0,0,0,0,0,가족이 되는 방법 [19세 완전판],1,모주,3,BL,10,90,4165000,6,현대물 캠퍼스물 동거물 짝사랑 트라우마 계략 다정 연하 사랑꾼 연상의 평범한 금단의관계 연상연하 고퀄리티 작화가 쩌는,18,부모 재혼 가족 은하 이혼 세월 집착 동생 감정 형제
66294190,0,0,0,0,0,0,0,Come And Take (컴 앤 테이크) [19세 완전판],1,"테일,돌핀",1,BL,9.9,66,20000,12,연상의,18,재혁 엉망 하진 바이올린 이하 진과 후원 문화 재단 이사 동시
63129393,0,0,0,0,0,0,0,세이프 파트너 [19세 완전판],1,"상한녹차,후웅",2,BL,9.9,53,714000,248,0,18,입사 첫날 짝사랑 사장 상대 경 자리 현수 녀석 파트너 약혼자 관계 오피 스물 대물 재벌 강공 직진 심수
65225425,0,0,0,0,0,0,0,손안의 꽃 [19세 완전판],1,도망,1,BL,9.8,61,157000,88,현대물 환생물 짝사랑 다정 능력 가난 무심한 첫사랑,18,신경 나니 아가씨 환생 전생 사랑 부자 다짐 한나 남자 민우 주가
61698541,0,0,0,0,0,0,0,빅 애플(Big Apple),1,"호돗,하루사리",1,BL,9.9,66,1896000,777,0,18,비밀 요원 연애 뉴욕 판타지 첩보 스릴러 청년 하임 능력 미국 소속 정보 임무 수행 회사원 이중생활 실상 변태 단장 목숨 위협 생활 마음속 애인 이별 돌변
66161787,0,0,0,0,0,0,0,어쩌면 로맨틱! [19세 완전판],1,KR,1,BL,9.5,46,27000,6,현대물 능글 연하 재력 떡대 연상의,18,남편 이혼 혼자 경호원 성화 유명 화가 크루즈 파티 가게 첫사랑 적극 스킨십 하룻밤 만남 육지 한편 누나 흔적
63572423,0,0,0,0,0,0,0,저택 영춘화:낙하산지 블라우스 [19세 완전판],1,동치미,2,로맨스,9.9,15,2011000,852,현대로맨스 미스터리 빙의물 가상시대물 인외존재 운명 집착남 걸크러쉬 드라마 애잔물 달달물 사이다녀 대형견남 소유욕 독점욕 금단의관계,18,여자 집착 빙의 로맨스 혼돈 남자 가슴 깊이 사랑 아내 마음 외딴섬 저택 영춘화 지나 부부 사연 잊혔으 수수께끼 관리인 숙박업소 운영 초대 무한 상상 오신 환영 형태 마음껏 시오 허락 호화 여러 작가 여성 단편 낙하산 플루 기념 여행지 무료 숙박 이벤트 당첨 도착 위치 이후 수지 눈치 낯선 느낌 존재 정체
60294958,0,0,0,0,0,0,0,욕망이라는 것에 대하여(19세 완전판),1,김공룡,1,BL,9.9,80,971000,918,0,18,마음 선배 순애 후배 우승 작품 소유 건가 농담 사랑 일지 동갑 내기 재희 쌍방 삽질 티격태격 배틀 연애 룸메 도움
65616427,0,0,0,0,0,0,0,우연한 동거 [19세 완전판],1,신유리,1,BL,10,46,81000,84,다정 동거물,18,마음 남자 히키코모리 어둠 준우 우연이
60294306,0,0,0,0,0,0,0,What Does the Fox Say?(19세 완전판) [GL],1,팀 가지,1,로맨스,10,134,1594000,751,0,18,수민 주의 관계 백합 홀리 재주 게임개발사 스튜디오 신입 사원 주성 눈매 국적 외모 헤어 덕분 직원 관심 출장 중이 업무 왼쪽 어깨 문신 워커홀릭 머리 주사 사장 친구 과거 연인 현재 지니 회식 자리 취한
64900718,0,0,0,0,0,0,0,연하공 수난기 [19세 완전판],1,보리,3,BL,9.6,82,250000,266,현대물 캠퍼스물 연하 짝사랑 미인 연상의 능력있는,18,사랑 인생 짝사랑 남자에게 만취 다짐 마음 시즌 친구 서울 경주 상경 결심 집도 마침 진영 도움 손길 사람과 바닥
65386478,0,0,0,0,0,0,0,폭군의 실록 [19세 완전판],1,"YD,NIMBY",1,BL,9.9,56,144000,81,동양풍,18,우산 몰락 고아 출신 깡패 유물 조직 명령 왕인 회귀 즉위 세도 가의 비운 죽음 예정 사랑
61512053,0,0,0,0,0,0,0,연애레벨링 [19세 완전판],1,오늘만 사는 형제,7,BL,10,60,1872000,975,현대물 능글 계략 연상 소심 연상연하 사랑스러운,18,게임 월드 네임드 어나더 허니 짝사랑 여성 마음 참가 길드 남성 취해 실수 엮이
61621873,0,0,0,0,0,1,0,자취방개론 [19세 완전판],1,"모튜,연초",1,로맨스,9.6,57,2412000,509,현대로맨스 캠퍼스물 동거물 짝사랑 능글남 순정남 다정남 순진녀 평범녀 라이벌 앙숙 로맨틱코미디 달달물 친구연인 짝사랑녀,18,자취 복학생 집의 소음공해 쪽지 무용지물 얼굴 싸가지 남자에게 화가 복수 누나 동갑 악연 과제 민폐 정체 인기 서양화 강현 원래 라면 엮일 일도 살갑 속셈 계심 마음 반대 로맨스 개론
61935982,0,0,0,0,0,0,0,다시[19세 완전판],1,"서진,공태,라임나무",3,BL,10,78,1580000,848,현대물 성장물 운명 다정 연상 재력 앙탈 꽃같은 노블코믹 삼각관계,18,대한민국 배우 얼굴 인기 안하무인 재벌 몰카 나락 추락 설상가상 안티 테러 짝사랑 회사 대표 예상 영 극단 선택 과거 회귀 살기 커리어 주변 영상 강준 일과 인생 사랑
60455679,0,0,0,0,0,0,0,[GL] 관계지침 [19세 완전판],1,이품,1,로맨스,10,82,905000,521,GL,18,호기심 문제 키스 마음 원인 제공 명인 훤히 결론 지원 관계 지침
65506440,0,0,0,0,0,0,0,설로 [19세 완전판],1,따쓰,2,BL,9.9,30,111000,88,현대물,18,취업 오메가 발현 사수 억지로 알파 배우 열애설 내기 취재 클럽 파티 솔이 키스 취한 몰래 사진 스캔들
62160320,0,0,0,0,0,0,0,BAITS(베이츠) [19세 완전판],1,"제이제이,준강",1,BL,10,79,1538000,625,0,18,수인 폭주 타깃 위험 놀람 관리 미끼 사건 해결 제안 대물 판타지 인물 연하 상수 존댓말
64478480,0,0,0,0,0,0,0,우프울프 [19세 완전판],1,마구,2,BL,10,61,164000,173,현대물 캠퍼스물 짝사랑 수인물,18,민우 목소리 골목 개강 회식 소식 자리 시각 담배
64701098,0,0,0,0,0,0,0,산호가 피어나는 소리 [19세 완전판],1,"TOU,상혁",1,BL,10,62,157000,153,현대물 캠퍼스물 판타지물 삼각관계 짝사랑 계략,18,친구 짝사랑 중인 정민 선배 감정
65235520,0,0,0,0,0,0,0,운명..(이라고)하셨습니다?! [19세 완전판],1,이호림,1,BL,9.8,83,143000,47,현대물 캠퍼스물 착각물 오해물 친구연인 다정 능글,18,악연 우주 운명 불운 자체 드라마 저승사자 기회 조건 주연 해피엔딩 액션
64908596,0,0,0,0,0,0,0,상어족에게 바칠 것 [19세 완전판],1,사토미치,1,BL,9.5,43,167000,116,판타지물 수인물 운명 다정 사랑꾼 꽃같은 능력있는 강한 운명적사랑 오래된연인 고퀄리티 이야기중심 분량많은 두근거리는 작화가 쩌는,18,상어 최강 부족 운명 만남 행방 아들 아벨 불만 성인 규칙 짐승 습격 리가 계심 상처 발정 당황 성별 성기 여자 차기 저항 쾌락 소용돌이 작품 정식 일본 단행본
62495828,0,0,0,0,0,0,0,부적절한 신입사원,1,유노,2,BL,10,45,1065000,692,현대물 다정 후회 꽃같은 사내연애,18,학교 선배 상사 지속 폭력 입사 주임 나잇 상대 부하 직원 손길 마냥 구원 인연 악연
65414024,0,0,0,0,0,0,0,절필하세요 작가님! [19세 완전판],1,"곡우,한로",1,BL,9.8,60,145000,97,연하 소심,18,하차 염원 작가 비서 대표 아이 도련님 신분 첫사랑 짝사랑 고백 포기 문장 얼마나 허무맹랑 욕심 마음 인기 인수 사실 거란 일수 대물 서브 소꿉친구 연하 직진 강공 능글공 미인 평범
62172322,0,0,0,0,0,0,0,온도와 연애의 상관관계,1,모안,1,BL,9.9,63,938000,466,현대물 판타지물 학원물 캠퍼스물 다정 연하 연상의 사랑꾼 존대하는 동거물 첫사랑 유혹 성장물 분량많은,18,설화 캠퍼 스물 홍콩 혼혈 미인 사모 귀가 청년 후손 교환학생 사실 도움 요청 스킨십 진도 적극 일상
63918581,0,0,0,0,0,0,0,악우 [19세 완전판],1,"HKMI,밤꾀꼬리",1,BL,10,75,754000,384,무협물 복수물 능글 능력있는 친구연인 고퀄리티,18,티격태격 참사 교의 주의 아들 아버지 소년 유년기 청소년기 성인식 친구 관계 습격 멸문 기연 문의 복수 무림
61078380,0,0,0,0,0,0,0,부딪치다 [19세 완전판],1,지완,8,로맨스,9.8,130,1692000,560,0,18,유전자 조이 클래스 초능력자 운명 사랑 배후 정세 조종 은밀 전쟁 소녀 형질 타깃 급변 파견 감정 열망 단지 갈등
66006435,0,0,0,0,0,0,0,파핑 캔디 [19세 완전판],1,"밍구르,캐정,선명",1,BL,9.6,65,54000,20,학원물 현대물 짝사랑 연상 미남 무심 노블코믹 연상연하,18,교양 강의 듣기 강의실 홍연 남자 남자에게 그대로 직진 가까이 아주 부적 여자 친구 의미 심장 경고 연애 원작 캔디
60470504,0,0,0,0,0,0,0,신데렐라의 남자 [19세 완전판],1,"여호경,강미정",8,로맨스,9.8,152,4831000,1,0,18,사랑 첫사랑 이후 부잣집 무남독녀 이신아 투성이 신데렐라 처지 과거 복수 다짐 건우 신아 가정부 고용
65122676,0,0,0,0,0,0,0,잠 못 드는 밤엔 날 빼앗으러 와 [19세 완전판],1,치후유,1,BL,9.4,51,106000,82,0,18,고양이 끼리 리츠 마음 정해 상대 주인 유일 존재 남자친구 목격 충격 길고양이 발정 예약 정체
64019779,0,0,0,0,0,0,0,박쥐와 식사 [19세 완전판],1,"팡인,PINKO",1,BL,9.9,79,522000,337,현대물,18,냄새 구원 치명 교환 달라 마음껏 사랑 증오 친구 하의 학대 수인 심장 목숨 연명 뱀파이어 마녀 스캔들 상상 작가
62869673,0,0,0,0,0,0,0,바다에 빠졌어 [19세 완전판],1,다곰,1,BL,9.9,53,709000,427,현대물 캠퍼스물 다정 미인 미남,18,사랑 연기 연극 학년 모태솔로 바다 인기 배우 수업 제안 포함
63140255,0,0,0,0,0,0,0,알파 메이트,1,"채로라,민지",1,BL,10,80,1019000,409,현대물 연하 연상의 첫사랑,18,억제제 복용 러트 사랑 연우 알파 메이트 베타 오해 상처 관계
64974859,0,0,0,0,0,0,0,티핑포인트 [19세 완전판],1,"김또따,태온,헤제",1,BL,9.5,47,152000,106,캠퍼스물 현대물 미인 집착 다정 후회 짝사랑 소심 첫사랑 노블코믹,18,짝사랑 산호 대학 동아리 화랑 가입 재회 거란 대감 기억 풀이 교양과목 조가 행운 마음 불쾌감 원작 포인트
63103400,0,0,0,0,0,0,0,언더독 커넥션,1,"시젠타,TP",1,BL,9.8,54,665000,388,현대물 고퀄리티 이야기중심 노블코믹 사랑스러운 두근거리는 계약연애 결혼 유혹 까칠한 계략 다정 능력 재력 집착 능글,18,연애 관계 사고 자칭 이별 스페셜리스트 최악 호적 해성 게이 아들 부모 뒷돈 수익 지 재수 남자 성공 계약 제안 시늉 거금 단지 기회 냉큼 인성 제외 외모 능력 재력 기피 대상 능구렁이 마음 간다 블랙 카드 경고 옐로카드
66161857,0,0,0,0,0,0,0,용왕님 대기중 [19세 완전판],1,"완부,대지",1,BL,10,60,35000,32,동양풍 수인물 가난 아방,18,수인 공존 토끼 용왕 소식 정부 맹장 어마 무시 보상 뉴스 지원 계약서 자라 공자
65856103,0,0,0,0,0,0,0,사랑은 환상! [19세 완전판],1,파고,2,BL,9.7,116,49000,64,육아물,18,상극 오메가 버스 드라마 오메 가일 알파 혜성 우성 도진 사실 끝내 진실 결심
61777124,0,0,0,0,0,0,0,보이즈 러브(Boys Love),1,독액,1,BL,9.9,71,1636000,853,현대물 학원물 캠퍼스물 친구연인 짝사랑 피폐물 집착 연하 능글 미인 계략 유혹 강한 떡대,18,머릿속 상상 각종 옴니버스 독액 작가 러브
64096523,0,0,0,0,0,0,0,희대의 내연남 [19세 완전판],1,리릭,1,BL,10,61,622000,332,현대물,18,윤희 대리 사내 익명 게시판 성의 연남 소문 으르렁 사원 시비 홧김 호텔
66218497,0,0,0,0,0,0,0,"청춘, 예찬 [19세 완전판]",1,뿡5,1,BL,9.7,71,28000,27,미인 츤데레 다정 동거물 연하 까칠한,18,달라 피치 사정 일로 분노 차곡차곡 폭발 직전 은밀 비밀
63654990,0,0,0,0,0,0,0,전남친 새 애인 X먹기,1,복자,1,BL,10,30,451000,355,현대물 캠퍼스물 몸정맘정 짝사랑 계략 다정 연하 사랑꾼 존대하는 강한 미남 연상의 연상연하,18,크리스마스 전날 모텔 아르바이트 대타 돌이 똥차 전남친 애인 얼굴 당황 와중 섹스 달라
64269512,0,0,0,0,0,0,0,개발해주세요 [GL] [19세 완전판],1,"정시라,택일",1,로맨스,10,40,153000,29,현대로맨스 GL 사내연애 오피스물 절륜녀 능력녀 개그물,18,동경 천재 프로그래머 신입 사원 입사 최승 처리 프로그래밍 실력 프로패셔널 태도 옷차림 롤모델 사무실 비밀 목격 자리 사진
65512196,0,0,0,0,0,0,0,2년 4월 [GL] [19세 완전판],1,민국23,3,로맨스,10,62,54000,5,GL 현대로맨스 트라우마 오피스물 드라마,18,욕망 만이 섹스 파트너 그림 작가 민국 정성 연하 남친 태희 도발 스토리 메인 회사 이용 접근
61589162,0,0,0,0,0,0,0,애증결핍 [19세 완전판],1,"옥동이,서일",1,BL,10,53,1075000,407,현대물 오해물 우연한만남 짝사랑 계략 능력 집착 까칠한 능글한 미남 첫사랑 사내연애 고퀄리티 작화가 쩌는,18,얼굴 백수 쇼핑몰 창업 자금 누나 대한민국 최정 보이 그룹 나인 팬사인회 가게 화장실 비주 고등학교 동창 관계 만들기 남자 도망 프리 러브
64294682,0,0,0,0,0,0,0,손아귀에서 피어나는 꽃 [19세 완전판],1,유제,2,BL,9.6,76,309000,225,현대물,18,취미 배우 재벌 그룹 회장 아들 재경 이후 자꾸 마음 기억 소년 사촌형 하의 사무실 직면 인지도 아이돌 미드나잇 수현 연명 하든 상관 충동
62074637,0,0,0,0,0,0,0,시크릿 언더 립,1,가잴,1,BL,10,59,698000,457,현대물 다정 연하 연상의 능력있는 사내연애 짝사랑,18,대물 오피스 연하 대형견 다정 츤데레 능력 미인 화장품 회사 신입사원 다운 로이 직장 생활 취한 비밀 우왕좌왕 모델 혼란 인의 어덜트
60643562,0,0,0,0,0,1,0,후즈 유어 대디 [19세 완전판],1,"안코,경타,장량",4,BL,9.9,50,2315000,1,서양풍 수사물 짝사랑 귀족 냉정 능글 능력 다정 무심한 미남 신분차이 고퀄리티,18,비단 루이스 수도 연쇄살인범 와중 임신 진단 황궁 무도회
63249824,0,0,0,0,0,0,0,도망칠 수 없게 [19세 완전판],1,니노,1,BL,9.7,50,577000,343,현대물 피폐물 짝사랑 냉정 능글 짐승 집착 연하 가난 약한 연상의 체념 삼각관계 소유욕,18,발레리노 유망 교통사고 절망 학교 선배 연인 결혼 소문 포기 진과 섹스
65306128,0,0,0,0,0,0,0,악마의 유혹 [19세 완전판],1,윤,1,BL,10,111,225000,173,능글 현대물 사내연애,18,연말 다짐 이현 알몸 정체 변태 스릴 관계 천만 안정 성의 직장 모하 부장 알렉 참석 사내 파티 가게 앙숙 동료 이반 도발 흑역사 폭주 아침 어차피 필름
62096118,0,0,0,0,0,0,0,스택 오버플로우,1,필효,1,BL,9.8,68,651000,297,연하 연상의 능글 삼각관계 평범한 소심 능력,18,일수 게임 역하렘 공연 업무 메일 휴가 테스 참여 가상현실 사고 의문 알림 침범 엔딩 상대
65197221,0,0,0,0,0,0,0,악몽을 보는 별들 [19세 완전판],1,란게,2,BL,9.9,60,108000,147,능글,18,청년 만남 우의 일상 주류 회사 사장 황금 찰나 악몽
62602606,0,0,0,0,0,0,0,1305호,1,모몽,1,BL,9.6,42,952000,220,0,18,아파트 재영 모종 일로 연락 이웃 사촌 이웃집 만남 영 어딘가
61817785,0,0,0,0,0,0,0,호진 선생님의 시원한 방과 후,1,낭준,1,BL,9.8,48,1228000,625,현대물 학원물 캠퍼스물 능글 아방 친구연인 계략 미인 떡대 소심,18,체육 선생님 호진 시원 학교 소꿉친구 걱정 눈치 더미 안고 수업 다리 통증 마사지 대화
62979504,0,0,0,0,0,0,0,멍멍냥냥 [19세 완전판],1,"리플,려이런",1,BL,9.7,82,650000,427,현대물 수인물 동거물 우연한만남 다정 집착 유혹 꽃같은 삼각관계 질투 고퀄리티 사랑스러운,18,꽃미남 수의사 유주 병원 강아지 고양이 정이 주인 자라 성인 남자 한과 이윤 마음 인식 미남 동거
64008088,0,0,0,0,0,0,0,인연,1,"만두요정,그웬돌린",7,BL,9.9,61,551000,314,가상시대물 동양풍 짝사랑 연상 절대강 황제 집착 소심 나이차커플 소유욕 질투 고퀄리티 분량많은 노블코믹,18,사랑 아버지 황태자 마음 감정 변방
64452601,0,0,0,0,0,0,0,블러드 뱅크 [19세 완전판],1,실브,1,BL,10,61,120000,70,현대물 판타지물 안경,18,혈액 은행 블러드 어서 뱀파이어 지배 압도 페로몬 특이 체질 정체 숨기 핑계 주의 아들 상치 눈빛 낌새 화장실
63898374,0,0,0,0,0,0,0,착호,1,"요신,금자두",1,BL,9.9,60,471000,307,동양풍 라이벌 앙숙 능글 까칠한,18,호랑이 나라 조선 절반 만년 목표 무재 훈련원 강윤 성향 남자 룸메이트 체육 로맨스
66221627,0,0,0,0,0,0,0,키워주세요! [19세 완전판],1,"나몰,라라",1,BL,9.7,42,20000,19,동거물 가난 연상,18,선우 매력 함락 자연 골치 동거 폭탄 고백 일상
60753815,0,0,0,0,0,0,0,블러핑,1,홍예,4,BL,9.8,61,2336000,899,현대물 집착 미남 라이벌 앙숙 질투 재력 다정 평범한 삼각관계,18,대학생 여름 방학 부모님 옆집 키스 남자 목격 정체 고등학교 일당 명인 아이돌 동경 재수 충격 신우 도발 장면 촬영 협박 경멸 애증 감정 스캔들 혼식 작가 최신
61898781,0,0,0,0,0,0,0,킬 더 라이츠 [19세 완전판],1,"밍크,장량",1,BL,9.9,72,1187000,949,현대물 빙의물 재력 무심한 첫사랑 집착 다정 오해물 연하 연상의 능력있는 소유욕 질투,18,머리 아메리칸 스윗 하트 할리우드 망나니 용병 배신 문제 노아 자살 의심 계획 제아 미국인 왕자 관심 상대 납치 소식 트라우마 사랑 혐관 연인 영혼 연예인 재벌 집착 무심 능력
61929337,0,0,0,0,0,0,0,여백의 흔적 [19세 완전판],1,"해송,팀 시크노블,진조",2,BL,9.8,33,812000,518,현대물 동양풍 피폐물 환생물 능글 집착 계략 미남 고퀄리티 작화가 쩌는 동양화스러운 원작소설 노블코믹,18,아우 라면 황자 이서 의식 신분 황궁 과거 만약 반려 무렵 발정 훗날 전생 서요 기억 윤서 예의 얼굴 성격 마음 친구
63117544,0,0,0,0,0,0,0,교차선,1,주도,1,BL,9.9,43,484000,203,현대물 우연한만남 운명 유혹,18,연인 구한 폭설 유혹 비밀 간직 남자 인생
64480668,0,0,0,0,0,0,0,여름눈 [19세 완전판],1,"자유,안녕,유랑비,해와달스튜디오",1,BL,9.9,33,235000,278,현대물 오해물 짝사랑 다정 집착 사랑꾼 소심 아방 첫사랑 친구연인 질투 노블코믹 원작소설 작화가 쩌는 두근거리는,18,짝사랑 쌍방 삽질 달달 한마디 사랑 남자 도움 입술 가슴 관심 도울 고개 울음 머리 길이 결말 애인 대리
63555642,0,0,0,0,0,0,0,키스가 필요해 [19세 완전판],1,"로달시,강미정",1,로맨스,9.9,60,843000,406,현대로맨스 영혼체인지,18,아이돌 그룹 덕질 싸인회 당첨 적도 성덕 멤버 출국 교통사고 영혼 최애 승남 키스 원래 유지 하루 생활 라면 삼각관계 체인지 평범 츤데레 다정
63716128,0,0,0,0,0,0,0,신수전,1,마왕,1,BL,10,64,472000,277,동양풍 판타지물 능글,18,호랑이 사냥 부모님 수호 최현 남자 산속 은혜
63689934,0,0,0,0,0,0,0,Deep(딥) [19세 완전판],1,유제,1,BL,10,51,414000,286,현대물,18,학교 인기 추문 유진 민우 과제 비밀
60445889,0,0,0,0,0,0,0,일상다정사[19세 완전판],1,김세영,2,BL,10,138,1189000,650,현대물 성장물 짝사랑 다정 미인 츤데레,18,연애 자고 고생 승낙 일단 나니 상치 감정 고딩 팽팽 달달 배틀
61681408,0,0,0,0,0,0,0,원 스텝 프롬 헬 [19세 완전판],1,"구구,늑9,Bo,장량",1,BL,10,60,641000,334,현대물 판타지물 수사물 운명 집착 냉정 도망 능력있는 금단의관계 계약연애 결혼 노블코믹 고퀄리티 이야기중심 미인,18,작품 성인 이용 부탁 필요 악마 학대 피해 아이 구원 속삭임 계약 라면 거래 목숨 도박 수년 지나 다니엘 업무 워싱턴 호텔 미남 정체 밀러 관심 아침 사람과 원작 학산 화사
62066601,0,0,0,0,0,0,0,다정하게 말해줘[19세 완전판],1,씽씽,2,BL,10,123,976000,682,0,18,상품 하자 클레 전화 상담 목소리 영하 남자 등장 취향 연애 성대 은성 성인 용품 전문점 어덜트 엔젤 주인 첫사랑 유도 선수 사각 관계 로맨스
60379930,0,0,0,0,0,0,0,토이 콤플렉스,1,이윤희,1,로맨스,9.9,46,1500000,496,현대로맨스 캠퍼스물 원나잇 순정남 선배 엉뚱발랄녀 직진녀 달달물,18,
62011965,0,0,0,0,0,0,0,화화몽(火花夢),1,"NULL,담적단",1,BL,9.9,72,1000000,612,동양풍 연하 능글 미인 강한 연상의 무심한 미남 짝사랑 집착 환생물 소유욕 동양화스러운 원작소설,18,일곱 비로소 피로 물든 복수 무녀 다섯 번의 반복 배신자 무언가 변수 기억 혼인 귀비 총애 만약 다리 집착 서울 미디어 코믹스
62306224,0,0,0,0,0,0,0,페오스 [19세 완전판],1,"날치,Dips",1,BL,9.9,74,701000,404,0,18,도망 노예 항구 도착 남부 동전 조건 선장 클로드
63461191,0,0,0,0,0,0,0,단군이세요?,1,"TREEK,햄헴,감고순",1,BL,9.9,33,317000,271,현대물 짝사랑 귀염 다정 연하 사랑꾼 집착 가난 무심한 연상의 첫사랑 연상연하 운명적사랑 노블코믹,18,알바 마켓 인생 수려 외모 태권도 금메달 리스트 어째선 관심 신경 기억 과거 원작 감고
61004479,0,0,0,0,0,0,0,공유하는 집,1,"징망츄,사앙",1,BL,9.8,66,1899000,776,현대물 몸정맘정 조직 암흑가 재력 연상 능력 유혹 미남 능글한 연상연하 작화가 쩌는 츤데레 다정 꽃같은 삼각관계,18,외모 주민 청소 룸메 필요 동거 성격 생활 시도 섹스 집주인 하진 일거수일투족 스트레스 진의 좌충우돌 룸메이트 트러블
63258667,0,0,0,0,0,0,0,♨명월탕♨ [19세 완전판],1,"누네,창백점",1,BL,9.9,50,603000,443,현대물,18,표절 디자이너 누명 대전 방문 대중 목욕탕 취향 사장 자꾸 대고 술김 첫날
62372267,0,0,0,0,0,0,0,새빛남고 학생회 고문입니다 [19세 완전판],1,"EVY,Day7",1,BL,9.9,61,444000,300,현대물 성장물 짝사랑 다정 존대하는 친구연인 사내연애 연상의,18,대물 첫사랑 연하 다정 후회 상수 미인 달달 모교 교사 발령 웃음 햇빛 학생회 고문 성격 성 학창 감정 해도 얼굴
61403393,0,0,0,0,0,0,0,고래,1,0g,1,로맨스,9.2,44,2797000,916,현대로맨스 원나잇 막장 우연한만남 나쁜남자 바람둥이 엉뚱발랄녀 순진녀 삼각관계 금단의관계 드라마,18,아쿠아리움 한눈 사랑 수족관 사실 충격 겨울 클럽 영혼 남자 선우 운명 번의 잠자리 임신 남자에게 고민 의지 친구 수아 상담 소개 주기 오빠 눈빛 거지 실수 파격
64972612,0,0,0,0,0,0,0,정인의 열쇠 [19세 완전판],1,물고래,1,BL,9.8,32,91000,53,현대물,18,악마 머릿속 유행 치료 본의 첫사랑 상치 재회 일도 태도 정인 여태 남아 상처 미련 다짐 설명 낌새 거짓 일지
63205710,0,0,0,0,0,0,0,황룡전 [19세 완전판],1,오늘만 사는 형제,7,BL,10,70,513000,275,동양풍 판타지물 궁정로맨스 차원이동물 다정 능력,18,황제 정기 원래 진의 가족 누나 보물 생일 불의 사고 도진 황룡
62554914,0,0,0,0,0,0,0,[GL] 온 어 리시 [19세 완전판],1,아지,1,로맨스,10,154,307000,687,GL 상처녀 나쁜여자 라이벌 앙숙 수인물 배틀연애 군대물 몸정맘정 성장물 능글녀 유혹녀 트라우마,18,수인 인종 주의 발생 전쟁 자원 레드 적군 폭격 동맹 저항 대결 작가 배틀 백합
63242857,0,0,0,0,0,0,0,그렇게 내가 싫다면,1,파고,2,BL,9.7,53,536000,325,현대물 캠퍼스물 연하,18,아웃사이더 복학생 민재 자고 조교 자위 후배 목격 이후 육체 관계
61445061,0,0,0,0,0,0,0,반짝이는 노예생활,1,이불조아,1,로맨스,9.7,34,904000,392,현대로맨스 몸정맘정 동거물 우연한만남 연하남 능력녀 나이차커플 갑을관계 로맨틱코미디,18,휴학생 청소 아르바이트 지원 의문 여성 노예 계약서 일단 숙식 제공 훈련 점차 매력 주인 정의 생활
61781995,0,0,0,0,0,0,0,인 마이 클로젯 [19세 완전판],1,RISA LISA,3,BL,10,100,1307000,486,0,18,사랑 활동 아이돌 수아 게이 슬럼프 우여곡절 데뷔 원인 매니저 연예계 대물 첫사랑 상처 벤츠 짝사랑 명랑
62866344,0,0,0,0,0,0,0,페이드 [19세 완전판],1,푸죠킹,1,BL,10,55,487000,280,현대물 오해물 능력 미남,18,공금 횡령 계약서 분실 희재 태경 감시 스토커 오해 졸지 집착 얀데레 자존심 상하 짝사랑 고백 해프닝 마무리 번호 작가 울트라 러브 코미디 이드 작품 이용 수정
61557419,0,0,0,0,0,0,0,Conrad (콘라드) [19세 완전판],1,홍예,4,BL,9.9,78,717000,286,판타지물 기사물,18,황제 기사 억압 공포 지배 암흑 대륙 주인 란드 우스 군림 평화 용병 활동 고향 의문 아기 용의 운명 대상 불신 겁결 제이 미래
64150189,0,0,0,0,0,0,0,까만콩 [19세 완전판],1,"은율,Niji",1,BL,10,55,103000,71,현대물 성장물 다정 소심 첫사랑,18,어린시절 짝사랑 승호 만남 낯선 남자 사실
63506380,0,0,0,0,0,0,0,아는 사람 이야기,1,"온우주,서랭",1,BL,9.9,65,432000,524,현대물 캠퍼스물 다정 미남 짝사랑,18,비밀 주문 사랑 존재 혼자 짝사랑 문득 우정 감정 확신 마음 용기 마지막 이승 널리 하디
65111550,0,0,0,0,0,0,0,굿나잇 신데렐라 [GL] [19세 완전판],1,포트,1,로맨스,9.3,46,70000,10,GL 캠퍼스물 삼각관계 털털녀 까칠녀 짝사랑,18,신데렐라 라면 차라리 마녀 유리구두
63346365,0,0,0,0,0,0,0,LOVE 퍼센테이지 [19세 완전판],1,청포도,1,BL,10,69,439000,271,현대물,18,러트 연기 상대 첫사랑 웬걸 옆집 아이 벌써 임자
66021130,0,0,0,0,0,0,0,피그말리온 [19세 완전판],1,돌문어,1,BL,9.7,65,24000,45,서양풍 오해물 착각물 짝사랑,18,엘프 에덴 막스 의도 샤 처치 기사단 성대 추모 광장 위기
60720973,0,0,0,0,0,1,0,알아채기 쉬운 [19세 완전판],1,"도뉴,아레시보",1,BL,10,50,1656000,588,현대물 착각물 계략 능글 연하 짐승 재력 집착 능력있는 연상의 평범한 갑을관계 연상연하 사내연애 노블코믹,18,사내연애 재벌 연하 능글공 계략 집착 얼빠수 상수 눈치 능력 외유 강수 전무 아들 입사 신입사원 난리 혼자 직원 밟힌다 선배 후배 권위 의식 커피 오라 우기 고개 러시 보이 비실 회장
65788370,0,0,0,0,0,0,0,드레스 코드 [스크롤] [19세 완전판],1,N군,1,BL,9.2,55,28000,24,현대물 다정 무심 미남 라이벌 앙숙 사내연애,18,이전 서비스 작품 내용 완결 편이 추가 분량 독자 성향 기쁨 자마자 데이터 정리 상대 직원 수영 정반대 만남 껄끄럽 점차 깊이 이해 낯선 혼란 학산 화사
61589346,0,0,0,0,0,0,0,달을 삼킨 범 [19세 완전판],1,"나빛,루퍼",3,BL,10,61,1046000,368,판타지물 현대물 육아물 동거물 운명 능글 집착 짐승 연하 꽃같은 미남 연상의 나이차커플 오래된연인 금단의관계,18,국가대표 사격 올림픽 금메달 리스트 탄탄 갑작스레 뺑소니 사고 키다리 아저씨 이튼 정체 뱀파이어
64110120,0,0,0,0,0,0,0,디어 도어(DEAR. DOOR) [19세 완전판],1,Pluto,1,BL,10,163,279000,489,현대물 판타지물,18,지옥
61942283,0,0,0,0,0,0,0,스머프 월드 [19세 완전판],1,"제이제이,오태",8,BL,10,174,1816000,1,0,18,그룹 후계 사실 재미 관심 회사 위기 플랜 자금 마련 돈세탁 업자 납치 시즌 커플 등장 나선 재벌 최승 위장취업 계획 로맨틱 마침내 강하 목표 상치 앞날 스머프 월드 대물 능력 동거 할리 역할 너드
65992940,0,0,0,0,0,0,0,나의 오싹한 소년에게 [19세 완전판],1,부라노,1,BL,9.7,41,35000,28,현대물 캠퍼스물 다정 연상 소심 능글한 친구연인,18,선배 기분 라면 대학 생활 새내기 두운 기운 현우 지호 무시 최대한 안내 소름 신입생 환영 술자리 자리 느낌 필름 어보
63659962,0,0,0,0,0,0,0,울프 인 더 하우스 [19세 완전판],1,박지연,2,BL,10,79,251000,299,동거물 수인물 다정,18,자유 만끽 존재 애인 이별 마음 전환 대형견 임시 보호 남친
60276617,0,0,0,0,0,0,0,엔젤 버디 [19세 완전판],1,"MasterGin,청년",1,BL,10,82,876000,533,현대물 판타지물 운명 첫사랑 금단의관계 운명적사랑 비밀연애 고퀄리티 사랑스러운 두근거리는 작화가 쩌는,18,기존 내용 등급 외전 이용 불가 추가 도서 지갑 아기 하늘 천사 날개 수호 테이 소년 미스터리 로맨스
62591369,0,0,0,0,0,0,0,이상한 너를 맞이하며 [19세 완전판],1,DO.D,1,BL,10,65,1071000,375,0,18,스키장 알바 유월 접근 낯선 남자 치료 반응 사실 시리어스 상처 후회 일수
63343463,0,0,0,0,0,0,0,동침,1,"박수소리,무렵",1,BL,9.9,60,438000,104,동양풍 오해물 몸정맘정 기사 다정 후회 강한 능글한 능력있는 신분차이 질투,18,왕권 다툼 궁궐 욕망 호위 무사 자네 충성 시험 전하 명령
60554110,0,0,0,0,0,0,0,나쁜 색기 [19세 완전판],1,"옥동이,불족발",2,BL,9.9,95,3078000,1,캠퍼스물 오해물 우연한만남 무심 미인 집착 까칠한 미남 삼각관계 고퀄리티 작화가 쩌는,18,아빠 이복 남매 경제 지원 실상 누드 수업 이상형 누드모델 참여 모델 학과 배지 반한 누나 남자친구
60926628,0,0,0,0,0,0,0,바람이 머무는 자리 [19세 완전판],1,유사,1,BL,9.9,85,766000,477,동양풍 갑을관계 집착 꽃같은 작화가 쩌는 고퀄리티 몸정맘정,18,황자 사실 천년 요괴 영웅 대가 저주 지니 자손 가문 마르 이후 아이 평화 기어 노릇 감시 나라 사라 자리 자가 즉시 건만
61080439,0,0,0,0,0,0,0,홀딩룸 [19세 완전판],1,모초,1,BL,10,50,695000,249,현대물 능글 다정 존대하는 무심한 스릴 넘치는 수사물 갑을관계 까칠한,18,다정 능글공 존댓말 경호 냉혈 츤데레 가수 은근 수려 외모 주목 작가 며칠 스토킹 경호원 고용 누가 태경 만남 제안
61061194,0,0,0,0,0,0,0,사내연애,1,이태경,1,로맨스,9.5,50,1672000,292,0,18,장님 매일 아침 마음 출근 준비 사내 연애
64070014,0,0,0,0,0,0,0,달나라 토끼왕자 [19세 완전판],1,다현,1,BL,10,22,88000,61,현대물 판타지물 동거물 몸정맘정 우연한만남 귀염 무심 다정 바보 츤데레 능글한 앙탈 유혹 이야기중심,18,대물 지혜 별똥별 기도 소원 주인 본인 왕자 별안간 위기 잔꾀 시기
65341827,0,0,0,0,0,0,0,파트너의 영역 ∼바이 앤 하이~ [19세 완전판],1,"아이반(Aivan),김다윗",1,BL,10,117,182000,101,현대물 동거물 계략 츤데레 집착 까칠한 강한 삼각관계 갑을관계 친구연인 오래된연인 질투 소유욕 원작소설 잔잔한,18,영역 침범 남자 거부 로맨스 반복 진기 계약 결혼 유부 과거 제멋대로 한편 매니저 등장 카리스마 원작
60633636,0,0,0,0,0,1,0,"힐, 힐, 힐! [19세 완전판]",1,"도미,켐제,진램",3,BL,10,63,1130000,819,현대물,18,개강 첫날 한국 현대 무용 재 총회 술집 테이블 소개팅 적도 게임 친구 목소리 듣기 취중 고백 취한 남자 어쩐지 나인 원작
65215890,0,0,0,0,0,0,0,플리즈 비 마이 베이비 [19세 완전판],1,닥복,1,BL,9.8,46,140000,150,현대물 계략 능글 능력 다정 집착 재력 짐승 가난 평범한 라이벌 앙숙 삼각관계 질투 사랑스러운 두근거리는,18,남자친구 고요 교통사고 기억상실증 강민우 남성 한순간 남친 민우 찾기 대화
63115788,0,0,0,0,0,0,0,달빛 하울링,1,"별나래,이리나",1,BL,9.9,80,543000,302,현대물 판타지물 수인물 동거물,18,동물병원 치료 은우 신경 얼굴 현혹 동거
63907166,0,0,0,0,0,0,0,호랑이꽃 [19세 완전판],1,니레,1,BL,9.8,61,346000,206,현대물,18,창귀 대상자 지목 호랑이 저주 영혼 제이
62207229,0,0,0,0,0,0,0,"선배, 열 번만 자요. [19세 완전판]",1,"곰,오랭",2,BL,9.9,50,411000,152,현대물 우연한만남 연하 약한 운명적사랑 사랑스러운 연상연하,18,선배 번만 일요일 복학 하루 고시텔 히키코모리 덕후 현우 지병 미주신경 실신 아침 길거리 구사일생 대학 후배 카페 사장 한성 녀석 향기 뜻밖 제안
62376473,0,0,0,0,0,0,0,차가운 온실,1,지상,1,BL,9.9,110,699000,231,복수물 현대물 능글 약한 나이차커플 몸정맘정 냉정 무심 연하 재력 귀족 체념 연상연하 소유욕 연상의,18,말로 유혹 사랑 이의 복수 세진 접근 남자 원수 치명 게임 소원
64026214,0,0,0,0,0,0,0,아랫집 제빵사,1,갸가,1,BL,9.9,65,106000,145,다정 현대물 가난 재력,18,낯선 남자에게 모니터 옥탑방 만화가 빵집 주인 정체 사실
65527296,0,0,0,0,0,0,0,기우는 달 [19세 완전판],1,두따,1,BL,9.6,62,56000,17,수인물,18,욕망 실험 늑대인간 유명 연구원 관계 두운 비밀
64895856,0,0,0,0,0,0,0,페이크 스노우 [19세 완전판],1,"황바름,뭉찌,이미누",4,BL,10,30,1080000,37,가상시대물 판타지물 떡대 연상의 미남 강한 존대하는 연하 미인,18,연인 건가 의식 불명 낯선 대한민국 왕실 호위 기사단 부단장 빙의 의지 동료 결심 원작
65330589,0,0,0,0,0,0,0,황제님 in 러브홀릭 [19세 완전판],1,환자,1,BL,9.8,59,105000,70,동거물 신분차이 유혹,18,노예 소년 평민 노아 여자 아치 정의 오지랖 주먹다짐 상대 사실 망나니 황자 테오 충격 사형 취소 거부 명령
62991158,0,0,0,0,0,0,0,일하고 싸우고 사랑하라(컬러) [19세완전판],1,유하진,4,BL,9.4,77,323000,172,현대물 짝사랑 다정 연상 연하 사내연애,18,소원 청년 다행 회사 근근히 인생 폭풍 남자 태열 일도 연애 사사건건 외모 타입
62224406,0,0,0,0,0,0,0,"마스터, 표식을 남겨주세요",1,예타쿠,1,BL,9.9,58,714000,534,미래시대 능력 다정 가난 갑을관계 사랑스러운 동거물,18,아버지 밤낮 성욕 억제제 복용 기간 현자 생활 실수 깜빡 부작용 억제 마구 안드로이드 마스터 드릴
61053147,0,0,0,0,0,0,0,바닐라 소다 스카이 [19세 완전판],1,"제이제이,당코",8,BL,9.9,49,812000,414,0,18,수학 교사 선정 온라인 풀기 활동 학교 혜성 신임 체육교사 부임 게이 킹카 대학 동창 부쩍
61701352,0,0,0,0,0,0,0,사랑과 우정 사이에서 [19세 완전판],1,"빨간구두,랙킹",1,BL,9.9,53,1028000,472,현대물 캠퍼스물 오해물 착각물 몸정맘정 짝사랑 고퀄리티,18,고교 동창 우정 진우 기간 술김 고백 하룻밤 사실 동생 사랑 쌍둥이 형제 설킨 관계 청춘
63451388,0,0,0,0,0,0,0,키스 앤드 데쓰 [19세 완전판],1,양배추즙,1,BL,9.7,35,354000,149,현대물 판타지물 시한부 다정 미인 능글 안경 까칠한,18,불의 사고 저승사자 사랑 저승 유예 기간 결심 환자 고개 이상형 남자
63690189,0,0,0,0,0,0,0,홈 스위트 홈 [19세 완전판],1,보리,1,BL,9.7,58,212000,112,현대물,18,과거 아버지 폭력 흉터 어머니 재혼 가정 상대 아들 선우 가족 안정 취한 어깨 식사 아빠 질문 전말 기류 교양 수업 조가 발표 모델 세미 누드 사진
62957054,0,0,0,0,0,0,0,같은 공기 마시기 [19세 완전판],1,"다식,유우지",2,BL,9.8,36,328000,311,0,18,공기 의붓형제 동거 집안 살림 부수 요리 변태 좌충우돌 로맨스
60423406,0,0,0,0,0,0,0,로열 서번트 [19세 완전판],1,"MasterGin,청년",1,BL,9.8,71,1432000,664,판타지물 피폐물 몸정맘정 냉정 평범한 신분차이 갑을관계 작화가 쩌는,18,주인 사랑 증오 관계 고품격 로맨스 판타지
63458443,0,0,0,0,0,0,0,넷 중 하나 [19세 완전판],1,"아나,김수",1,BL,9.7,72,462000,444,현대물 오해물 짝사랑 계략 능글 다정 집착 친구연인,18,알파 성현 억제제 히트 학창시절 오메가 발현 친구 남자 인연 재회
64192987,0,0,0,0,0,0,0,두개의 순간 [19세 완전판],1,"구름빛,운혜",1,BL,9.9,50,108000,104,판타지물 현대물 떡대 미인,18,운명 계략 도형 매번 위기 도깨비 덕분 모면 사랑 정체 마음
63473208,0,0,0,0,0,0,0,러브 바이트,1,램요,1,BL,9.3,58,490000,329,현대물 다정 평범한 고퀄리티 첫사랑 질투 소유욕,18,첫사랑 변태 신우 벤츠 애인 절정 녀석 동창회 사랑
65789042,0,0,0,0,0,0,0,내 나이가 어때서 [19세 완전판],1,"앤,맘보,피곤토끼,자몽소다",1,BL,10,43,38000,41,현대물 동거물 다정 연하 능글 연상연하 노블코믹 두근거리는,18,하디 연하 중년 사랑 애인 서른 현우 어른 고민 치료 권태 연상연하 커플 토끼 원작 학산 화사
61126309,0,0,0,0,0,1,0,비즈니스 퍼포먼스 [19세 완전판],1,"사계,금천구타자기",1,BL,9.8,50,842000,243,현대물 짝사랑 계략 능력 능글 연하 소심 약한 연상의 연상연하 노블코믹 원작소설 작화가 쩌는,18,소위 망돌 아이돌 전직 리더 계약 백수 현재 라이 배우 서호 특유 얼굴 제안 영화 끝내 거절 고집 여간 다섯 데이트 연기 확인
61060341,0,0,0,0,0,0,0,맥스 모하비 사건 파일[19세 완전판],1,여름숲,1,BL,9.7,81,376000,563,0,18,살인자 목격자 남자 사정 소년 장면 사건 마피아 조직 킬러 흔적 크리스 대학 위장 입학 룸메이트 정체 신경 긴장감 느낌
64469105,0,0,0,0,0,0,0,당근 있어요? [19세 완전판],1,"제이제이,하토",9,BL,9.7,60,160000,129,현대물,18,사빠 복학생 심성 눈치 어딘 구석 캠퍼스 남자에게 남자 주변 맴도 착각 연애 커녕 신변 위기
62442889,0,0,0,0,0,0,0,꽃피는 날까지 [19세 완전판],1,MARA,1,BL,10,38,458000,148,서양풍 츤데레 존대하는 유혹 동양풍,18,판타지 황자 공황 자수 태양 나라 타르 제국 불과 영화 이어진 전쟁 평화 안정 대표 이연 칼릭스
63482238,0,0,0,0,0,0,0,사랑하지 않는 선배 [19세 완전판],1,희죽,1,BL,9.8,55,339000,194,현대물 캠퍼스물 짝사랑 능력 다정 연하 존대하는 연상의 삼각관계 연상연하,18,천재 사진 작가 고백 우진 외모 성격 보이 대낮 섹스
66021484,0,0,0,0,0,0,0,페로몬!주의보 [19세 완전판],1,팽이버섯,1,BL,8.1,50,19000,6,현대물 연하 계략 삼각관계,18,저돌 오메가 승호 러트 파트너 알파 성현 바람 발현 페로몬 일상 대학 후배
62267403,0,0,0,0,0,0,0,레인 드롭 [19세 완전판],1,"금선,야호",1,BL,9.9,77,782000,357,0,18,제대 누나 낯선 남자 성인 고등학생 신분 착각 정심 자취 동거
64324870,0,0,0,0,0,0,0,우리사이에 비밀이 어딨어? [19세 완전판],1,보리,1,BL,9.5,58,125000,124,현대물,18,소꿉친구 영지 은호 짝사랑 깨달 지호 바람 노력 매번 상처 기분
63108640,0,0,0,0,0,1,0,"오, 단장님! 나의 단장님! [19세 완전판]",1,"크뭉,앤트스튜디오,신빠,KEN",10,BL,9.9,25,161000,185,판타지물 오해물 기사물 운명 집착 츤데레 두근거리는 신분차이 사내연애 절대강 기사 미남 꽃같은 짝사랑 소심,18,인류 최강 남자 칭송 영웅 평민 태생 귀족 동경 숭배 작가 막내아들 장님 마음 녀석 간택 여유 태도 도련님 연애
64042801,0,0,0,0,0,0,0,러브 스트리밍,1,"마영신,권다희",1,드라마,9.8,63,182000,22,현대물 이야기중심,18,기업 사장 아들 의대 인턴 소개 남자 사실 거짓말 여자 유혹 잠적 백수 접근 취업 인생 순위 연락처 수집 나희 작업 서서히
65531132,0,0,0,0,0,0,0,지루한 남자 [19세 완전판],1,까만콩,1,BL,8.7,44,26000,17,삼각관계,18,행동 사정 지우 옆집 훈남 정해 스릴 관계 모델 남친 주원 스튜디오 실장
64972088,0,0,0,0,0,0,0,탐닉 [19세 완전판],1,"지락,태성",1,BL,9.9,52,123000,65,현대물 수인물,18,종족 늑대 여우 라이벌 사랑 규율 한시 비밀리 관계 가게
60812454,0,0,0,0,0,0,0,메이데이 메이데이 메이데이,1,"혜성,그웬돌린",7,BL,9.9,50,1213000,626,현대물 조직 암흑가 능력 재력 능력있는 소심,18,작가 대표 한국 미국 돈세탁 업자 나름 안정 청년 불안 요소 고객 레드 마피아 보스 사실 몸매 취향 한가운데 저격 수도사 외모 악명 손가락 전담 겁쟁이 한시 정리 관심 사생활 살벌 소심 짜릿 혜성 원작 학산 화사
61034893,0,0,0,0,0,0,0,헤븐 투 헬,1,김종훈,1,액션,10,236,245000,412,영웅 신화,18,아사 탄생 간택 예비 천국 예상 융통성 제로 꼰대 개차반 수녀 상극 성격 만남 신의 계획 여러 위기 여정 갖가지 난관 아홉 지옥 나락 사연 밑바닥 꼭대기 복수
61453047,0,0,0,0,0,0,0,열 손가락,1,디디,7,드라마,9.7,52,463000,368,0,18,코인 투자 실패 독촉 부잣집 자리 데릴사위 웨딩 신혼여행 조건 의아 밑바닥 도망 결혼식 집안 어른 무녀 한국 무당 재벌 진로 사업 성공 으리 전체 결혼 목적 경악 제물 사위
60821612,0,0,0,0,0,0,0,미치기 좋은 날 [19세 완전판],1,유사,1,BL,10,66,789000,443,현대물 작화가 쩌는 고퀄리티,18,매월 무료 일상 적의 심장 유사 컬러 여동생 호수 위로 컴백 인기 가수 이서 친모 여인 등장 돌연 잠적 깊이 상처 숨기 신음 위안 간다 이후 하루 존재
61453044,0,0,0,0,0,0,0,버섯종균작업,1,다원,3,드라마,9.8,71,450000,325,호러 초월적존재 서바이벌 친구 라이벌 학생 두근거리는,18,약초 물리학자 신체 효능 사실 기반 임상시험 이후 후유증 치료 과정 부작용 발생 버섯 형태 탄생 고등학교 등굣길 과학 수사 학교 뉴스 남자 소외 괴물 소문 상태 왕따 승희 신경 외면 비명 자리 친구 머리
61445059,0,0,0,0,0,0,0,살어리랏다,1,김민소,1,액션,9.4,177,731000,318,정통 복수 생존,18,강원랜드 운영 청산 취미 낚시 사장 회장 의심 결심 한편 강원도 위치 마 교수 은밀 제조 완성 주민 강행 살인 투하 의문 생존 공개
63805242,0,0,0,0,0,0,0,오선생을 향해,1,개슬이,1,드라마,10,34,458000,594,일상물 일상 두근거리는,18,오르가슴 전설 사실 적도 성욕 가짜 변태 찾기 대화
61453714,0,0,0,0,0,0,0,솔다토 SOLDATO [19세 완전판],1,"한혁,LK",1,액션,9.8,106,436000,627,정통 격투 먼치킨 생존 영웅 신화 조력자 권 살수 협객,18,미국 마피아 신의 조선인 제이슨 암흑가 생존 실패 주먹 목숨 분투 액션 드라마
61345277,0,0,0,0,0,0,0,바토리의 아들,1,"호르자,영광",1,드라마,10,84,475000,364,가상시대물 미스터리,18,여인 비밀 가상 유럽 배경 서스펜스 드라마
60466982,0,0,0,0,0,0,0,살생부,1,김종훈,1,액션,9.8,56,121000,115,정통 복수 노력,18,조선 운동 배경 하드코어 액션 사극
61665250,0,0,0,0,0,0,0,부르다가 내가 죽을 여자뮤지션,1,들개이빨,1,드라마,10,122,1357000,3,일상물 일상 속도위반 썸 금단의관계 작가 가수 여주중심,18,남자 연애 만화가 여성 뮤지션 난생처음 여자 마음 수단 치명 나날이
64401449,0,0,0,0,0,0,0,모텔 오아시스,1,최희선,1,드라마,10,39,45000,63,스릴러 조직 암흑가 라이벌 고퀄리티 스릴 넘치는 이야기중심,18,집안 재산 도박 마감 결심 모텔 오아시스 한편 자살 예고 문자 가족 사망 보험금 미리 의뢰 업체 당장 처리 은퇴 마지막 의뢰인 움직 하마 사장 원한 폭력 악의 아수라
59475640,0,0,0,0,0,0,0,회개불가 [19세 완전판],1,"임태균,성훈",1,액션,8.9,50,365000,292,학원물 격투 깽판 복수 빙의 생존,18,여동생 갑지 형편 노력 오빠 자제 현수 중학생 지속 집단 강간 충격 사실 혈투 벌이 옥상 희망이 동생 목표
66111664,0,0,0,0,0,0,0,혜성이 나에게로 [19세 완전판],1,리런,1,BL,10,48,15000,4,다정 연상의,18,혜성 신경 신음 회사원 주인 짐작 얼굴 분위기 작품 컬러 흑백 부분
65773899,0,0,0,0,0,0,0,물 위에서 노래하다 [19세 완전판],1,클라쥬,1,BL,10,77,35000,15,유혹 집착 복수물,18,존재 인지도 치명 유혹 펜트하우스 노래 이준 사실 반응 작가 연주가
65765196,0,0,0,0,0,0,0,오전 2시까지 너의 것[웹툰판/19세 완전판],1,오쿠다 와쿠,1,BL,6.7,32,11000,1,현대물 미인 평범한 소심 이야기중심 짝사랑,18,사랑 반복 새벽 카운트다운 러브 동화 녀석 학생 친구 마음 고백 스물 살인 현재 관계 유지 중이 아침 아홉 낯선 자고
65565810,0,0,0,0,0,0,0,극혼 ~초익애 야쿠자와 계약 결혼?!~ [19세 완전판],1,사쿠라이 마유,2,로맨스,9.4,74,35000,14,첫사랑 짝사랑 다정남 나쁜남자 계약관계,18,결혼 직업 부모 첫사랑 남자 재회 과거 감정 두목 조건 달라 부탁 남편 신혼 라이프
65530770,0,0,0,0,0,0,0,각침찬금금란 [19세 완전판],1,용왕,1,BL,9.9,83,30000,19,동양풍 짝사랑 계략 떡대,18,화의 마음 신부 분위기 승천 마 수호 이무기 접근 초야
65472071,0,0,0,0,0,0,0,우리들의 자그마한 종말[웹툰판/19세 완전판],1,마루키도 마키,1,BL,9.6,41,10000,0,후회 소심 이야기중심 친구연인 현대물 판타지물 능력 찌질 평범한,18,대의 스토리 키도 마키 이색 종말 연애 휴먼 드라마 회사원 모교 대학 도서관 재회 남자 리츠 과거 배신 상처 밑바닥 인생 원흉 시체 처리 달라 무니
65364917,0,0,0,0,0,0,0,그녀와 그녀의 전 남자친구 [GL] [19세 완전판],1,신비,1,로맨스,10,65,40000,18,캠퍼스물 동거물,18,문장 매력 로맨틱 코미디 여친 과거 적도 사건 이후 전남친
65142682,0,0,0,0,0,0,0,달콤살벌한 내짝 [19세 완전판],1,오유담,3,BL,9.5,63,136000,175,현대물 오해물 착각물 다정 까칠한 능력있는,18,오메가 발현 팔자 베타 아나운서 성격 유망 주로 이후 운명
64750953,0,0,0,0,0,0,0,스위치 [19세 완전판],1,"하담우,여닫,해저500M",1,BL,8.7,67,157000,97,현대물,18,아이돌 그룹 코스 리더 사실 인기 멤버 권우 짝사랑 탈퇴 선언 조건 거래 제안
64664518,0,0,0,0,0,0,0,백의조각,1,홍일,1,드라마,10,56,17000,30,스릴러 미스터리 복수 전생 환생 가족 고퀄리티 기묘한 무서운 스릴 넘치는 이야기중심,18,일가 저주 신체 일부 자식 윤지 한쪽 호의 위기 계획 선택 파멸
64652596,0,0,0,0,0,0,0,연애 감정론[웹툰판/19세 완전판],1,아이바 쿄코,1,BL,9.1,26,47000,31,현대물 우연한만남 짝사랑 능글 다정 연하 재력 꽃같은 미남 아방 앙탈 연상의 유혹 연상연하 사랑스러운,18,아이 감각 마음 연애 특이 체질 감정 아지랑이 대학생 실험 재료 달라 부탁 정체 기간 한정 수락 사랑 건가
64645435,0,0,0,0,0,0,0,지젤 씨의 피 [19세 완전판],1,이연지,2,로판,10,61,289000,106,로맨스판타지 인외존재 다정남,18,남편 피해 부적절 만남 가의 아내 꼭두각시 지하 소년 흡혈귀
64058963,0,0,0,0,0,1,0,사이클링 히트 [19세 완전판],1,"사가,자발체광,NAPUL",1,BL,9.8,66,250000,585,학원물 현대물 캠퍼스물 짝사랑 능력 미인 연하 집착 츤데레 연상의 미남 연상연하 두근거리는 사랑스러운 이야기중심,18,선배 한국 고교야구 협회 등록 고등학교 학년 이중 프로 진출 선수 고교 야구 마지막 타자 김희 재회 입부 집착 질문 라운드 번의 경기 대결 이기 호기심 일방 도의 눈썹 살짝 변화 태양 소년 사랑 사이클링 히트
64008980,0,0,0,0,0,0,0,천왕 마왕 XX한 이야기 [19세 완전판],1,덤보,3,로판,9.8,50,127000,33,로맨스판타지 다정남 소유욕 독점욕 도도녀 달달물 드라마,18,부인 선택 천계 평화 각국 대표 천왕 마왕 결혼 사건 차례 주변 국가 경계 마력 불어 인형 실수 사고 일어난다 해결 설상가상 원래 서울 미디어 코믹스
63939402,0,0,0,0,0,0,0,여우는 달콤한 포도를 먹는다 [19세 완전판],1,이가지,1,BL,9.9,16,186000,93,현대물 다정 연하 짐승 능글한 연상의 유혹 나이차커플 삼각관계 연상연하 소유욕 질투 사랑스러운 두근거리는 작화가 쩌는,18,얼굴 조각 성격 잠자리 기술 남자 시호 재원 맴도 주신 운명 이상형 어째선 갈팡질팡 애정 행방
63826156,0,0,0,0,0,1,0,준과 준,1,Miku Sagawa,1,BL,10,25,146000,89,현대물 성장물 우연한만남 능글 다정 재력 후회 계략 능력 꽃같은 소심 친구연인 이야기중심,18,아이돌 소위 망돌 이준 포기 매니저 추천 회사 입사 출근 지각 위기 택시 찰나 낯선 남자 방향 건물 자연 사무실 첫날 앞날 줄곧 인연
63817106,0,0,0,0,0,1,0,사장님의 고양이,1,황곰,1,BL,10,38,166000,163,현대물,18,대물 일상물 무심 미인 진수 허당 무기력증 윤서 신도시 주택가 이사 근처 카페 손님 마음 간판 수상한 카드 기도 사장 자리 유리 커피 운영 카레라이스 음식 제공 요리 정체 일지 인간관계 유지 작품 이용 가로 개정
63527243,0,0,0,0,0,0,0,마녀의 발자국 [19세 완전판],1,아르,1,BL,10,81,43000,24,서양풍 능력,18,마녀 산다 야망 카리스마 신체 능력 왕자 라이언 왕국 서열 순위 성격 소문 남자 음험
63424875,0,0,0,0,0,0,0,연일 짙은 안개 [19세 완전판],1,플랜비(공감미디어),1,BL,9.7,56,254000,295,현대물 성장물 짝사랑 트라우마 다정 미인 바보 츤데레 후회 평범한 첫사랑 친구연인 이야기중심 잔잔한 미남,18,지고 리지 마음 분명 사랑 눈물 긍정 친구 무너 한치 의심 분노 실망 굴욕 감정 안갯속 원인 나라 제각각
63410831,0,0,0,0,0,0,0,골판지 상자 안 고양이씨 [19세 완전판],1,개적,1,BL,9.7,63,329000,203,현대물 판타지물 동거물 운명 다정,18,반려견 겨울 이의 죽음 이후 우울함 버려진 고양이 마리 외면 하룻밤 부쩍 리기 작고 어디가 저음 남자 주인 동거 생활
63393776,0,0,0,0,0,0,0,멜팅 포인트 [19세 완전판],1,쳄지,1,BL,10,39,299000,170,현대물,18,고등학교 친구 한마디 관계도 취업 최현 마지막 기회 회사 면접 간다 장소 도착 과거 트라우마 장본인
63272086,0,0,0,0,0,0,0,친애하는 진에게,1,아즈마 카야,2,BL,10,42,128000,176,현대물 서양풍 성장물 우연한만남 안경 사랑꾼 다정 가난 고퀄리티 이야기중심 잔잔한 사랑스러운 두근거리는 나이차커플 연상연하,18,뉴욕 삼촌 일기 내용 변호사 서류 분실 청소부 보일러 보기 가정부 제안 오기 물정 교양 청년 진과 동거 생활 게이 선망 행복
63006577,0,0,0,0,0,0,0,유혹의 덫,1,"BUM,메리카메",1,BL,10,40,160000,89,현대물 수사물 짝사랑 연하 떡대 친구연인,18,미국 보안관 미로 경우 성격 참을성 이안 파트너 관계 유지 지난 생사 헌신 절친 친구 발전 믿음 동료
62975513,0,0,0,0,0,0,0,묵검향 천산출두 컬렉션 [19세 완전판],1,묵검향,11,무협,10,298,51000,0,0,18,묵검향 카카오 런칭 상상 불가 기상 천외 무림 방랑 수록 작품 기존 흑룡 부가 부로 천하 창천 비도 천마
62958181,0,0,0,0,0,0,0,러브 인 비트윈 [19세 완전판],1,다식,1,BL,9.6,34,367000,188,0,18,도형 입학 대학 짝사랑 지원 태도 의아 찰나 동생 지혁 옛사랑 얼굴 나잇 제안 속수무책
62777329,0,0,0,0,0,0,0,천개의 학 [19세 완전판],1,정석찬,2,BL,9.9,37,230000,218,0,18,아르바이트 귀가 조직 살인 휴대폰 한편 목격자 처리 명령 어째서 놀란 얼굴 머리
62717461,0,0,0,0,0,0,0,안경의 법칙,1,김르넬,1,BL,9.8,47,285000,85,현대물 캠퍼스물 사제지간,18,교수 안경 일상생활 상태
62655414,0,0,0,0,0,0,0,상흔,1,하비,1,BL,9.6,44,556000,161,0,18,베이 리스 왕국 기사단 테오 적국 전쟁 포로 장군 소꿉친구 노엘 관계 운명
62486637,0,0,0,0,0,0,0,나 냄새나?,1,"jsr,완숙바나나",1,BL,9.8,30,331000,162,현대물 판타지물 운명 다정 미남 친구연인,18,저주 정체 불명 냄새 지호 십년 해바라기 교수 등장 스레 건우 의식 재
62349914,0,0,0,0,0,0,0,유성이 내리는 거리 [19세 완전판],1,정민아,3,BL,9.3,51,167000,93,현대물 판타지물 동양풍 동거물 수인물 다정 재력 꽃같은 운명적사랑 두근거리는,18,남자 구미호 시공간 판타지 재벌 성우 할아버지 가보 보석 호기심 구슬 조선 진정 사촌 유성 도움 태생 욕심 소유 데리 간다 능글공 미인 도련님 삼각관계
62207220,0,0,0,0,0,0,0,호접몽 [19세 완전판],1,"채오,엠마",1,BL,9.9,50,256000,71,동양풍 다정 사랑꾼 꽃같은 신분차이,18,길이 활짝 장원급제 영의정 아들 도겸 친구 권유 난생처음 방문 남자 기생 자꾸 고백 서서히 심의 행방 호접몽 확인
62181820,0,0,0,0,0,0,0,Stigma,1,말룽,1,BL,9.9,62,109000,293,현대물 피폐물 다정 무심 집착 무심한 유혹,18,도시 뒷골목 성격 폭력 성향 하룻밤 상대 화장실 간다 머리 남자 전부 일방 광경 섹스 열중 주먹다짐 벌이 머리칼 구출 데리 요구 굳이 거절 세현 호기심 접근
62154948,0,0,0,0,0,0,0,그날의 배신을 알지 못하여,1,"우샘,구아슈,꿀물",1,로판,9.8,53,1610000,460,0,18,선택 배신 대가 귀족 자리 학대 죽지 만이 사내 사랑 죄책감 이후
62150627,0,0,0,0,0,0,0,깊은 탐닉의 시간 컬렉션 [할리퀸][19세 완전판],1,"레슬리 켈리,키리시마 루카",1,로맨스,9.7,120,520000,192,0,18,작품 운명 본능 천사 거짓말 속죄 결혼 라스베이거스 공작 억만장자 새장 엔젤 눈물 사랑 키스 대부호 신부 아이 가면 사막 다이아몬드 유언 하룻밤 굴욕 레슨 열정 비밀 신데렐라 얼음 왕자
62115090,0,0,0,0,0,0,0,구원,1,Axis,1,액션,10,101,37000,41,퓨전 복수 생존 살수,18,회의 문제 해결 복제인간 속도 사회 조화 공격 미움 한편 목적 암살자 생사 의지 사랑 암살 조직 폭발 암흑 지배 세력 사투 존재 위험 구원
62115089,0,0,0,0,0,0,0,버니 로즈,1,WALCOMIC,1,BL,9.7,206,151000,407,현대물 성장물 오래된연인,18,웨이터 작가 지망 로즈 부자 남자 이안 동거 알콩달콩 아이 행동 불만 백수 일로 인정 한편 여자친구 고민 조언 절친 정작 연애 문제 대학 동기 비밀
62108526,0,0,0,0,0,0,0,해늘골,1,기행,1,드라마,10,78,125000,220,스릴러 오컬트 초월적존재 작가 기묘한,18,숲속 시골 마 유진 결혼 민우 전통 수십 고향 방문 삼촌 안내 동생 도착 풍경 건물 분위기 한국 흥미 일행 수장 비롯 다소 주민 종교 활동 조사 악마 숭배 거부 여러가지 묶인 위협
62012062,0,0,0,0,0,0,0,흑견의 노예왕자,1,제스트쿄,4,BL,9.7,90,443000,435,능글 강한,18,세기 폴란드 지방 기사단 파견 가문 영지 국민 기타 민족 포로 노예 문지기 이의 도끼 남자 달라 공격
62001152,0,0,0,0,0,0,0,잠들지 못하는 밤 [19세 완전판],1,"Agar,ARROZ,이베라인",1,BL,10,39,564000,340,0,18,뱀파이어 헌터 가족 살해 범인 실마리 찾기 의뢰인 살인 수행 처리 타깃 그룹 수장 레이스 거물 비서 대하 마음 남자 사랑 운명
61921129,0,0,0,0,0,0,0,"영원히, 꼭",1,나미에 시즈쿠,1,BL,9,37,94000,60,0,18,대학생 고등학교 행동 상처 동급생 일도 태도 취하 짜증 전의 남아 사랑
61909516,0,0,0,0,0,0,0,바리왕자 [19세 완전판],1,"감자독,마키",1,BL,10,108,395000,247,0,18,무당 귀신 로맨스 무속 프린스 사실 이용 영업 금수 남자 일상 시도 청담동 매화 도사 요한 장군
61908268,0,0,0,0,0,0,0,위시유,1,"소형성,신사,이서정",4,BL,9.9,39,357000,219,0,18,매일 저리 엔터 인턴 퇴근 어플 접속 퇴근길 남자 노래 귓가 인연 데뷔 프로젝트 참여
61904074,0,0,0,0,0,0,0,검은 거울[19세 완전판],1,"무화,수근",1,BL,10,62,488000,438,0,18,진실 태준 사건 기억 트라우마 자취 당시 단짝 친구 연우 동거 이사 낯선 쾌락 매일 반복 악몽 환청 달리기 침묵 관계 발전 해도 변화 당황 기대 타락 공포
61771871,0,0,0,0,0,0,0,묵검향 기행천하 컬렉션 [19세 완전판],1,묵검향,11,무협,10,618,258000,24,무림,18,수록 작품 단란 표국 흑룡 황책
61641110,0,0,0,0,0,0,0,가어도,1,서우,1,드라마,9.9,114,126000,126,호러 서바이벌 복수 가족 친구 학생 이종족 스릴 넘치는,18,장마철 폭풍우 편이 고립 우진 장마 직전 학교 방학식 귀가 광경 아빠 엄마 구급차 이장님 응급 조치 취하 공격 필사 끝내 희생 친구 마 무당 나희 구출 한편 도착 부모님 목격 비밀 추격
61556850,0,0,0,0,0,0,0,如怨如慕(여원여모),1,정민아,3,BL,9.5,87,475000,217,동양풍,18,인과 신분 규모 상인 집안 가주 교육 아버지 비록 장남 이후 진실 출생 비밀 하의 욕망 원망 일방 관계 뿌리 사모 마음 확인
61460673,0,0,0,0,0,0,0,뭐든 다! 좋아영 [19세 완전판],1,팀 삼공건축,1,로맨스,10,41,197000,180,GL 캠퍼스물 삼각관계 오해물 짝사랑 자상녀 직진녀 털털녀 상처녀 짝사랑녀 냉정녀 친구연인 쌍방삽질 드라마 달달물,18,새내기 라이프 타인 눈치 셀럽 아영 등장 오지 앙숙 친구 연인 발전 사건 사고 캠퍼스 외전 추가 내용
61390665,0,0,0,0,0,0,0,강도,1,강태경,5,드라마,10,60,22000,11,스릴러 서바이벌 범죄 스릴 넘치는,18,벼랑 아귀
61363342,0,0,0,0,0,1,0,토요일은 새우튀김 [19세 완전판],1,"인톨,봄봄치",1,BL,10,61,1174000,1,현대물 동양풍 짝사랑 운명 미인 츤데레 능글한 미남 아방 계약연애 결혼 운명적사랑 친구연인 노블코믹 사랑스러운,18,태권도 특이 사항 사빠 구원 친구 매일 식사 식당 사장 매번 실연 위로 취했 뒤치다꺼리 각시 관계 꼭꼭 숨기 비밀 츤데레 미남 능청 보 로맨스
61322472,0,0,0,0,0,0,0,십이월에,1,김온,1,BL,9.9,52,263000,205,현대물 우연한만남 다정 잔잔한,18,여행 허름 터미널 화장실 미스테리 남자 번의 우연 계기 기약 청춘 위태 그린
61308286,0,0,0,0,0,0,0,각설이 공작 [19세 완전판],1,"유성,렐레",1,로판,9.8,30,1916000,678,로맨스판타지 순정남 엉뚱발랄녀 달달물 까칠남 카리스마남 짝사랑녀 드라마,18,결혼 아버지 계모 이복 동생 구박 실비 가출 전쟁 공작 출정 방치 눈치 적군 습격 거짓말 아이 임신 아내 연기 부인 죽지 비아 커녕 행각 운명
61241415,0,0,0,0,0,1,0,귀혼식 [19세 완전판],1,홍예,4,BL,9.9,58,623000,133,동양풍,18,명문 장남 재벌 가의 사계 남자에게 가문 명령 어이 상실 혼인 대한민국 남자 이천 업보 혼식 운명 외전 되풀이 오해 마음 강요 의지 사랑 강의 러브스토리
61239591,0,0,0,0,0,0,0,샤먼 트리트먼트,1,종수,1,드라마,10,86,42000,107,스릴러 오컬트 신령 기묘한,18,무당 황혼 남녀 모텔 소문 재주 사내 일거수일투족 하룻밤
61211809,0,0,0,0,0,0,0,여명전야,1,방수인,2,BL,9.9,76,179000,318,현대물 조직 암흑가 냉정 능글 무심한 연상의 몸정맘정 나이차커플 삼각관계 이야기중심,18,베일 싸인 남자 순정 욕정 홍콩 운영 조직 의뢰 마약 제조 구역 보스 의문 사내 보호 부탁 고향 어딘 정체 사나이 호기심 감정 은밀 관계 어쩐지 방향 발전
61184790,0,0,0,0,0,0,0,라넌큘러스,1,짜몽,1,BL,9.4,122,185000,160,현대물 동거물 운명 꽃같은 유혹 운명적사랑 소유욕 두근거리는,18,꽃집 사장 온몸 투성이 남자 매력 향기 홀린 동거 스릴 러브 스토리
61154002,0,0,0,0,0,0,0,달에 사는 사람들,1,다원,3,드라마,10,81,52000,130,호러 기묘한,18,찰나 벌레 기어
61088282,0,0,0,0,0,0,0,가로지나 세로지나 꽃은 핀다 [19세 완전판],1,"카르페XD,용고",1,BL,10,104,859000,769,무협물 동양풍 능글 약한 동양화스러운,18,증오 녀석 빙의 괴롭힘 차례 남궁 가의 성질 도련님 회귀 가족 스승 도움 의원 이전 단점 예전 상태 한편 영혼 제자리 차원 마법 치료 의심 티격태격 밀고 상상 반전 무협 판타지
61040610,0,0,0,0,0,0,0,우정으로 결혼한 소꿉친구,1,김채운,1,드라마,9.9,94,520000,393,일상물 일상 동거 계약연애 결혼 가족 회사원 귀여운,18,연애 세포 로맨틱 소꿉친구 결혼 생활
61040577,0,0,0,0,0,0,0,쥐덫,1,오닛,1,드라마,9.7,55,39000,117,스릴러,18,인터넷 인기 작가 추앙 산호 실력 짝사랑 모델 야설 본인 자살 절망 주어 칭찬
60995566,0,0,0,0,0,0,0,네버모어,1,팀 히트맨,1,BL,9.3,95,116000,69,0,18,전교 수상한 담임 화사 목적 모범생 학급 장인 교사 베일
60952924,0,0,0,0,0,0,0,19,1,우윱,1,드라마,9.6,41,46000,78,미스터리 스릴러 복수 스릴 넘치는,18,구석 시골 마 복수
60877482,0,0,0,0,0,0,0,온:초점[GL],1,라코,4,로맨스,9.9,91,580000,470,GL 첫사랑 잔잔물,18,직장인 수지 첫사랑 고교 동창 소라 솜씨 흥미 사랑 주변 자연 매력 친구 일인 졸업 한참 연락 사회인 자리 회사원 데뷔 드라마 작가
60877479,0,0,0,0,0,0,0,앵그리체어,1,강형규,1,액션,9.9,39,78000,118,퓨전 복수 생존 학생,18,부모님 몰래 생활 금수 삼수생 안과 친구 열등감 상태 사고 운동화 물건 중고 거래 사기 구매 잘못 귀신 노트북 집착 이력서 취업 나무 인방
60845205,0,0,0,0,0,0,0,말하기엔 사소한,1,라코,4,로맨스,9.8,57,1528000,871,잔잔물 현대로맨스 성장물 원나잇 평범녀 상처녀,18,스물 여덟 서점 우희 섹스 중독 현재 판매 이전 규모 회사 보기 문제 마음속 해도 구멍 원인 해결 행위 반복 머릿속
60762344,0,0,0,0,0,0,0,새수집가,1,강세아,1,로판,9.8,72,1587000,707,로맨스판타지 인외존재 다정남 상처녀 달달물,18,사랑 마음속 마음 감당 수집 비앙카
60574722,0,0,0,0,0,0,0,일하고 싸우고 사랑하라[19세 완전판],1,유하진,4,BL,10,77,775000,581,현대물 전문직물 능력 연하 집착 연상의 유혹 사내연애 사랑스러운,18,소원 청년 다행 회사 근근히 인생 폭풍 남자 태열 일도 연애 사사건건 외모 타입
60403620,0,0,0,0,0,0,0,저택의 주인,1,디디,1,드라마,9,42,50000,64,미스터리 스릴러 범죄 스릴 넘치는,18,외딴섬 저택 아이 분위기 급변
60767589,0,2,0,2,1,0,1,비의도적 연애담 외전 [19세 완전판],1,피비,6,BL,9.9,16,183000,106,0,18,도서 의도 연애담 외전 태준 사랑 일상 다한 후의
61153985,0,2,0,2,1,0,1,남남,1,정영롱,1,드라마,9.8,87,2350000,2769,현대물 일상 가족 친구 회사원 이야기중심,18,엄마 애인 아저씨 사실 얼굴 친부 남자친구 결혼 부모 화가 자리 성인 채널 자위 장면 목격 주변 인물 간다 일상 드라마틱 사건 여성 캐릭터 매력
60408743,0,2,0,2,1,0,1,엔네아드 (ENNEAD) [19세 완전판],1,모히또,1,BL,10,200,1049000,1893,신화물 운명 강한 계략 집착 금단의관계 소유욕 질투 이야기중심 짝사랑 귀염 다정 까칠한 꽃같은 연상의,18,매월 이집트 왕권 승부 번의 승리 형벌 접근 정체 불명 남자 동행 제안 시선 각기 집착 욕망 시즌
53953563,0,2,0,2,1,0,1,따라바람,1,검둥,3,BL,9.9,22,194000,434,현대물 성장물 우연한만남 짝사랑 친구연인 질투 이야기중심 잔잔한 사랑스러운 두근거리는,18,바람 학창시절 기타 학원 사건 계기 성인 우정 간다 사실 마음 화해 정리
61072069,0,2,0,2,1,0,1,모범택시 [19세 완전판],1,"까를로스,크크재진",2,액션,9.8,104,4959000,2299,0,18,택시 복수 무지개 회사 서비스 손님 정체 운행 표시 붉은빛 사연 두운 질주
60456495,0,0,4,4,1,0,1,붉은 여우(19세 완전판),1,하마,1,드라마,10,170,603000,319,0,18,여우 과거 번인 둔갑 요물 훗날 그대 전부 도록 주어 바치 자손 저주 마음 하늘 수만
60847413,0,2,0,2,1,0,1,아이쇼핑,1,"엄세윤,류가명",6,드라마,10,59,233000,247,스릴러 범죄 복수 가족 친구 학생 이야기중심,18,부모 살해 아이 복수
62318917,0,0,4,4,1,0,1,이 결혼은 어차피 망하게 되어 있다 [19세 완전판],0,"초캄,청과,김차차",1,로판,10,108,29016000,13000,0,18,여섯 이후 송두리째 한 동갑내기 여자아이 자유 최대한 해군에 입대해 약혼자의 만족감 이혼해줄 남자 이런
